Attach;Comp;Global;Health;Control;MetaCog;Others;Hopeless;OthViews;UttEnum
2;0;0;0;0;0;0;0;3;554
0;3;0;0;0;0;0;0;0;4128
0;3;0;0;0;0;0;0;0;4336
0;3;0;0;0;0;0;0;0;1197
2;0;0;0;0;0;0;0;3;1098
1;1;2;0;0;0;0;0;0;737
1;1;2;0;0;0;0;2;0;4909
1;1;2;0;0;0;0;0;0;1388
0;0;0;0;3;0;0;0;0;2559
0;3;0;0;0;0;0;0;0;4151
3;0;0;0;0;0;0;0;0;1897
0;2;0;0;0;0;0;1;0;3489
3;0;0;0;0;0;0;1;3;444
3;0;0;0;0;0;0;0;0;1801
0;3;0;0;0;0;0;0;0;4655
0;3;0;0;0;0;0;1;0;4405
1;0;0;0;0;0;0;0;3;4668
0;1;2;0;0;0;0;2;0;3461
0;1;0;0;0;0;0;0;3;2583
2;0;0;0;0;0;0;0;3;204
0;3;0;0;0;0;0;0;0;5281
1;0;0;0;0;0;1;0;0;5601
0;0;0;0;0;0;0;0;2;1985
0;3;2;0;0;0;0;0;0;2632
0;0;3;0;0;0;0;0;0;796
3;0;0;0;0;0;0;0;0;4287
0;3;0;0;0;0;0;0;0;5767
0;3;0;0;0;0;0;0;0;2217
0;3;0;0;0;0;0;0;0;48
2;0;0;0;0;0;0;0;2;4252
0;0;0;3;0;0;0;2;0;4
3;0;0;0;0;0;0;0;0;4532
0;3;0;0;0;0;0;0;0;4792
0;0;0;0;0;1;0;0;3;3201
0;0;0;0;3;0;0;0;0;5025
0;1;0;0;0;0;0;0;0;4126
0;0;0;0;0;1;0;0;1;3321
0;3;0;0;0;0;0;1;0;5214
0;0;3;0;0;0;0;0;0;1339
3;0;0;0;0;0;0;0;2;4910
3;0;0;0;0;0;0;0;3;209
3;0;0;0;0;0;0;0;0;1651
0;0;0;0;0;0;0;0;3;3770
0;0;0;0;0;0;0;0;0;2345
1;0;0;0;0;0;0;0;1;4430
0;0;0;0;0;0;0;0;1;417
3;0;0;0;0;0;0;0;0;2828
0;1;3;0;0;0;0;0;0;952
3;0;0;0;0;0;0;0;0;3664
3;0;0;0;0;0;0;2;0;2914
3;0;0;0;0;0;0;0;0;2963
0;0;0;0;0;0;0;2;0;1644
0;3;0;0;0;0;0;0;0;1742
0;0;0;0;2;0;0;0;0;5635
0;0;3;0;0;0;0;0;0;2977
0;3;0;0;0;0;0;0;0;3614
0;2;0;0;1;0;0;0;0;2684
0;3;3;0;0;0;0;0;0;38
0;0;0;0;0;0;0;0;3;3605
0;0;0;0;0;0;0;0;0;4530
3;0;0;0;0;0;0;0;3;5563
3;0;0;0;0;0;0;0;0;4137
3;0;0;0;0;0;0;0;2;4089
3;0;0;3;0;0;0;1;0;3266
0;3;0;0;0;0;0;0;0;658
0;0;3;0;0;0;0;0;0;3223
3;0;0;0;0;0;0;0;0;2691
0;1;0;0;0;0;0;0;0;842
0;1;3;0;0;0;0;0;0;218
0;0;0;0;0;0;0;0;3;5591
0;0;0;0;0;0;0;0;2;4297
0;3;0;0;0;0;0;0;0;5406
0;2;0;0;0;0;0;0;1;3697
0;0;0;0;0;3;0;0;0;774
0;0;0;0;0;0;0;0;0;3603
0;1;0;0;0;0;0;0;0;3821
0;3;0;0;0;0;0;0;0;5545
0;0;3;0;0;0;0;0;0;694
3;0;0;0;0;0;0;0;0;5251
0;0;1;0;0;0;0;0;0;5663
0;0;0;0;0;0;0;0;3;4671
0;3;0;0;0;0;0;0;0;1956
0;0;0;0;0;0;0;0;3;4182
0;0;0;0;0;0;0;0;2;3557
3;0;0;0;0;0;0;2;0;1225
0;0;0;0;0;0;0;0;0;5517
0;3;0;0;0;0;0;0;0;3847
0;1;0;1;0;0;0;0;0;1479
2;0;0;0;0;0;0;0;3;4149
0;3;0;0;0;0;0;0;0;1961
0;0;0;0;2;0;0;3;0;427
0;3;0;0;1;0;0;0;0;1543
0;0;0;0;0;0;0;0;0;2432
3;0;0;0;0;0;0;0;0;3953
0;0;0;0;0;0;0;0;3;5188
0;0;0;0;2;0;0;0;0;4450
0;3;0;0;0;0;0;0;0;4172
0;0;3;0;0;0;0;0;0;561
0;3;0;0;0;0;0;1;0;865
0;0;0;0;0;0;0;0;3;3778
3;0;0;0;0;0;0;2;0;2563
3;0;0;0;0;0;0;0;0;1834
3;0;0;0;0;0;0;3;0;1695
1;1;2;0;0;0;0;0;0;5562
0;3;0;0;0;0;0;0;0;5076
0;0;0;1;1;0;0;0;0;5611
0;0;0;0;0;0;0;0;3;2100
0;0;1;0;0;1;1;0;0;3604
0;3;0;0;0;0;0;2;0;4937
0;0;0;0;0;0;0;0;1;1394
2;0;0;0;0;0;0;0;3;264
0;1;0;0;0;0;0;0;0;2496
0;1;0;0;2;0;0;0;0;5433
2;0;0;0;0;0;0;1;0;3656
0;1;2;0;0;0;0;0;0;5201
3;0;0;0;0;0;0;0;0;331
0;0;0;0;2;0;0;0;1;4902
0;0;0;0;0;0;0;0;3;631
0;0;0;0;1;0;0;0;0;1589
0;0;0;0;0;0;0;0;0;5712
3;0;0;0;0;0;0;0;0;171
0;1;0;0;0;0;0;0;0;611
0;3;0;0;0;0;0;0;0;3885
3;0;0;0;0;0;0;2;0;4648
0;3;0;0;0;0;0;1;0;4104
3;0;0;3;0;0;0;2;0;1356
2;0;0;0;0;0;0;0;2;5347
0;3;2;0;0;0;0;0;0;2793
0;0;0;0;0;0;0;0;0;3905
3;3;0;0;0;0;0;1;0;3716
0;3;0;0;2;0;0;0;0;4662
0;0;0;0;0;0;0;0;1;4552
3;0;0;0;0;0;0;0;0;2058
3;0;0;0;0;0;0;0;3;1631
1;3;0;0;0;0;0;0;0;31
0;0;0;0;0;0;0;2;0;2393
0;0;3;0;0;0;0;0;0;1360
3;0;0;0;0;0;0;0;0;313
0;0;3;0;0;0;0;1;0;3745
0;0;0;0;0;0;0;0;0;2051
3;0;0;0;0;0;0;0;1;3251
0;3;0;0;0;0;0;1;0;411
3;1;0;0;0;0;0;0;0;2398
0;0;0;0;0;0;0;0;0;5123
3;0;0;0;0;0;0;0;0;1833
0;0;3;0;0;0;0;0;0;4867
0;2;0;0;0;0;0;0;0;689
3;0;0;0;0;0;0;0;0;4460
1;0;0;0;0;0;1;0;0;867
0;0;0;0;0;0;0;0;0;3680
0;3;0;0;0;0;0;1;0;4463
0;0;0;0;0;0;0;0;0;2956
1;0;0;0;0;0;0;0;3;2992
0;2;0;0;0;0;0;0;0;2838
0;3;0;0;0;0;0;0;0;4768
3;0;0;0;0;0;0;0;0;5100
0;0;0;0;1;0;0;0;1;2856
0;0;0;0;0;0;0;0;0;1969
3;0;0;0;0;0;0;0;3;2161
0;0;0;0;0;0;0;3;0;5566
2;0;0;0;0;0;0;0;3;4739
3;0;0;0;1;0;0;0;0;5057
0;0;0;0;0;0;0;0;0;5119
0;3;0;0;0;0;0;2;0;978
0;0;0;0;0;0;0;0;0;1629
3;0;0;0;0;0;0;0;3;2842
0;3;0;0;0;0;0;0;0;5254
1;0;0;0;0;0;0;0;2;3860
0;1;3;0;0;0;0;0;0;3360
3;0;0;0;0;0;0;0;0;2320
0;0;0;0;0;0;0;0;0;2831
0;1;0;0;0;0;0;0;0;1824
2;0;0;0;0;0;0;1;0;2707
0;0;0;0;0;0;1;0;2;1725
3;0;0;0;0;0;0;2;0;742
0;0;0;0;0;0;0;0;0;4567
0;0;0;0;0;1;0;0;0;3015
3;0;0;0;0;0;0;2;0;3160
0;0;0;0;0;0;0;3;0;2575
0;0;0;0;0;0;0;0;0;4367
1;0;0;0;0;0;0;0;0;4284
0;0;0;0;0;2;0;0;3;4426
0;0;0;3;1;0;0;0;0;4782
3;0;3;0;0;0;0;0;0;3963
0;0;0;0;0;0;0;0;3;888
0;0;0;0;0;2;0;0;0;1399
0;0;1;0;0;0;0;0;0;4495
3;0;0;0;0;0;0;0;0;3960
0;0;0;0;1;0;0;0;0;5380
0;1;2;0;0;3;0;0;0;4806
0;0;0;0;0;0;0;0;0;3105
3;0;0;0;0;0;0;0;0;5752
1;1;2;0;0;0;0;0;0;4860
0;0;0;0;0;0;0;0;3;5197
0;0;0;0;0;0;0;0;0;724
0;3;0;0;0;0;0;0;0;2740
0;0;0;0;0;0;0;1;0;299
0;1;0;3;2;0;0;1;0;2629
0;3;0;0;0;0;0;0;0;3403
0;3;0;0;0;0;0;0;0;3226
0;2;0;0;0;0;1;0;0;3947
0;3;0;0;1;0;0;0;0;2416
0;1;0;0;0;0;0;0;0;3565
3;0;0;0;0;0;0;2;0;2024
3;3;0;0;0;0;0;2;0;3183
3;0;0;0;0;0;0;0;0;2430
0;0;0;0;1;0;0;0;1;1864
0;0;0;3;0;0;0;0;0;1150
0;1;0;3;0;1;0;0;0;5412
1;0;0;0;0;0;0;0;0;1186
0;1;0;0;0;0;0;0;0;1093
0;0;3;0;0;0;0;0;3;5783
0;0;0;3;0;0;0;0;0;340
3;0;0;0;0;0;0;2;0;3713
3;0;0;0;0;0;0;0;0;5599
0;1;3;0;0;0;0;1;0;1233
0;0;0;0;0;0;0;0;0;3958
1;1;0;0;0;0;0;0;0;923
0;0;3;0;0;0;0;0;0;1130
0;0;0;0;0;0;0;0;0;2971
0;3;0;0;0;0;0;0;0;3887
1;0;0;0;0;0;0;0;0;1335
0;0;0;0;0;0;0;0;3;3454
0;0;0;0;0;0;0;0;0;5275
0;0;0;0;0;0;0;0;1;5623
3;0;0;0;0;0;0;0;0;3194
0;0;0;0;0;2;0;0;0;757
0;0;0;0;0;0;0;0;2;2892
0;0;3;0;0;0;0;0;0;4299
0;0;3;0;0;0;0;0;0;523
3;0;3;0;0;1;0;1;0;1828
3;0;0;0;0;0;0;0;0;5658
0;0;0;0;0;0;0;3;0;5792
0;3;0;0;0;0;0;0;0;2832
0;0;0;0;0;0;0;0;3;804
3;0;0;0;0;0;0;0;0;2509
0;1;0;0;0;0;0;0;0;838
0;3;0;0;0;0;0;0;0;21
0;0;0;0;0;1;0;0;2;1488
0;0;3;0;0;0;0;0;0;432
0;0;0;1;3;0;0;0;0;151
3;0;0;0;0;0;0;0;0;1640
0;0;3;0;0;0;0;0;0;4496
0;0;0;0;0;0;0;3;0;5489
0;3;0;0;0;0;0;0;0;1547
3;0;0;0;0;0;0;0;0;274
0;0;3;0;0;0;0;0;0;3816
0;1;3;0;0;0;0;0;0;364
3;0;0;2;1;0;0;1;0;2270
0;1;1;0;2;0;0;1;0;3420
0;3;0;0;0;0;0;0;0;3780
0;3;0;0;0;0;0;0;0;833
0;0;0;0;0;0;0;0;3;4574
3;3;0;0;0;0;0;1;0;1577
3;0;0;0;0;0;0;0;2;1504
3;0;2;0;0;0;0;1;0;4388
0;3;0;0;0;0;0;0;0;1954
0;0;0;0;3;0;0;1;0;4408
0;0;3;0;0;0;0;0;0;5742
0;0;0;0;0;1;0;0;0;122
3;0;0;0;0;0;0;1;0;2184
0;0;3;0;0;0;0;0;0;371
0;0;0;0;1;0;0;0;0;2849
0;0;0;0;0;0;0;0;0;3571
0;0;0;0;0;0;0;0;3;966
1;1;0;0;0;0;0;0;0;1265
0;0;0;0;0;0;0;0;3;3456
0;0;0;0;0;0;0;0;0;1036
0;0;0;2;1;0;0;1;0;5524
0;1;3;0;0;0;0;1;0;2311
3;0;0;0;0;0;0;0;0;1918
0;0;2;0;0;0;0;0;0;5233
0;0;0;0;0;0;0;0;0;3930
3;0;0;0;0;0;0;0;0;3881
3;0;0;0;0;0;0;0;0;709
0;3;0;0;0;0;0;0;0;852
0;3;0;0;0;0;0;0;0;1537
0;0;0;0;0;0;0;0;0;3600
0;0;0;0;0;0;0;0;1;4990
0;3;0;0;0;0;0;0;0;1421
0;0;0;0;0;0;0;0;0;5440
0;0;0;0;1;0;0;0;0;1106
3;0;0;0;0;0;0;0;0;4531
0;0;0;0;0;1;0;0;0;1853
0;3;1;0;0;0;0;0;0;2243
0;0;0;0;0;0;0;0;0;3219
3;0;3;0;0;0;0;1;0;2188
0;1;0;0;0;0;0;0;0;3566
3;0;0;0;0;0;0;0;0;2178
1;0;0;0;0;0;0;1;0;4475
0;0;0;0;0;0;0;2;0;4113
0;0;0;0;3;0;0;0;3;2195
0;0;0;0;0;0;0;0;0;1477
0;0;3;0;0;0;0;0;0;4750
0;0;0;0;0;0;0;0;3;1626
0;0;3;0;0;0;0;0;0;5010
2;0;0;0;0;0;0;0;2;726
0;3;0;0;0;0;0;0;0;3615
0;0;0;0;1;0;0;0;1;3602
0;2;2;0;0;0;0;1;0;2634
0;0;0;0;0;0;0;0;0;153
0;0;2;2;0;0;0;0;0;5073
0;0;0;0;0;0;0;0;3;789
1;1;2;0;0;0;0;0;0;901
2;0;0;0;0;0;0;0;0;1117
0;0;0;0;3;0;0;0;0;1067
0;3;0;0;0;0;0;0;3;458
0;0;0;0;3;0;0;0;0;384
2;0;0;0;0;0;0;0;2;2561
0;3;0;0;0;0;0;0;0;4075
0;0;0;0;0;0;0;0;2;4121
0;0;0;0;0;0;0;0;0;4980
0;0;0;0;0;0;0;0;0;3864
0;0;3;0;0;0;0;0;0;5011
0;0;0;0;0;0;0;0;3;5817
0;0;1;0;0;0;0;0;0;4818
0;0;1;0;0;0;0;0;0;4248
0;0;0;0;0;0;0;0;3;320
0;3;0;0;0;0;0;0;0;1123
3;0;0;0;0;0;0;0;1;2919
0;0;1;0;2;3;0;0;0;2173
0;0;0;0;1;0;0;0;0;941
3;0;0;0;0;0;0;0;0;5814
0;3;3;0;0;0;0;0;0;3309
0;1;0;0;0;0;0;0;3;2119
3;0;0;0;0;0;0;0;2;1992
0;3;0;0;0;0;0;0;0;5823
0;0;0;0;0;0;0;0;0;1101
0;0;0;0;0;0;0;0;1;5293
0;0;0;0;0;0;0;0;0;5640
0;0;2;0;0;0;0;0;0;2310
0;0;1;0;0;0;0;3;0;5711
0;3;0;0;0;0;0;0;0;1258
0;3;0;0;0;0;0;0;0;5051
3;0;0;0;0;0;0;0;0;1896
1;0;0;0;0;0;0;0;0;2278
3;0;0;0;0;0;0;0;3;3726
0;0;0;0;0;0;0;0;1;1513
3;0;0;0;0;0;0;0;2;652
0;0;0;0;0;0;0;0;0;4603
0;0;0;0;0;0;0;0;0;1731
0;1;1;0;0;0;0;0;0;4028
0;3;0;0;0;0;0;0;0;1232
0;0;0;0;0;0;0;0;1;5154
0;3;0;0;0;0;0;0;0;506
0;0;0;0;1;0;0;0;0;1684
0;0;3;0;0;0;0;2;0;2745
0;0;0;0;0;0;0;0;3;5576
0;3;0;0;0;0;0;1;0;2263
2;0;0;0;0;0;0;0;3;4757
0;0;0;0;0;0;0;0;0;4392
0;0;0;0;0;0;0;0;0;2542
0;1;2;0;0;0;0;2;0;436
0;0;1;0;0;0;0;0;0;1825
0;0;0;2;0;0;0;0;0;1280
3;0;0;0;0;0;0;0;2;4247
0;0;0;0;0;0;0;0;0;763
3;0;0;0;0;0;0;1;0;4988
0;3;0;0;0;0;0;1;0;1307
3;0;0;0;0;0;0;0;0;798
0;0;0;0;0;0;0;0;0;772
3;0;0;0;0;0;0;0;0;4610
0;3;0;0;0;0;0;0;0;4216
0;2;2;0;0;0;0;0;0;619
0;1;3;0;0;0;0;0;0;925
3;0;0;0;0;0;0;0;0;770
0;1;3;0;0;0;0;0;0;5282
0;2;0;0;1;0;0;0;0;1195
3;0;0;0;0;0;0;0;3;400
0;0;3;0;0;0;0;0;0;356
3;0;0;0;0;0;0;0;0;5787
0;0;3;0;0;0;0;0;0;423
0;0;0;0;3;0;0;0;0;2773
1;0;0;0;0;0;0;0;3;2167
0;3;0;0;0;0;0;1;0;1906
3;0;0;0;0;0;0;0;0;4693
1;0;3;0;0;0;0;0;1;866
3;0;0;0;0;0;0;0;0;1756
0;3;0;0;0;0;0;0;0;5821
0;0;0;0;0;0;0;0;0;4590
3;0;0;0;0;0;0;0;0;4187
0;1;0;0;1;0;0;2;0;5095
0;1;0;0;0;0;0;0;0;451
3;0;0;0;0;0;0;1;0;390
0;3;0;0;0;0;0;1;0;2401
1;0;0;0;0;0;0;0;0;4083
0;2;0;0;0;0;0;0;0;2620
0;0;0;0;0;0;0;0;3;482
0;3;0;0;0;0;0;0;0;222
0;2;0;0;2;3;0;0;0;751
0;3;0;0;0;0;0;0;0;3288
0;0;0;0;0;0;0;0;2;3862
3;0;0;0;0;0;0;0;0;1565
0;2;0;0;0;0;0;0;0;1838
2;0;0;0;0;0;0;0;0;1771
0;0;0;3;0;0;0;0;0;5088
0;0;0;0;0;0;0;0;1;2499
0;2;1;0;0;0;0;0;0;2338
0;0;0;0;0;0;0;0;0;5107
0;0;0;0;0;0;0;0;0;1448
0;0;0;0;0;0;0;0;0;337
3;0;0;0;0;0;0;0;0;1817
1;3;0;0;1;0;0;2;0;4564
1;2;0;0;0;0;0;0;0;2779
0;0;0;0;0;0;0;0;1;4568
0;3;0;0;0;0;0;0;0;1768
0;0;3;0;0;0;0;0;0;4210
1;0;0;0;0;0;0;0;3;111
1;0;0;0;0;0;0;0;1;4292
2;0;0;0;0;0;0;0;3;1119
0;0;0;0;0;0;0;0;0;1932
2;0;0;0;0;0;0;0;3;1317
3;0;0;0;0;0;0;0;2;1831
0;0;0;0;0;0;0;0;2;5291
3;0;0;0;0;0;0;0;2;4260
0;3;0;0;0;0;0;0;0;5557
0;0;0;3;0;0;0;0;0;2905
0;0;0;0;2;0;0;0;2;4982
0;2;2;0;0;0;0;0;0;5209
3;0;0;0;0;0;0;0;0;2770
0;2;0;0;1;0;0;0;0;470
0;2;0;0;0;0;0;0;0;316
0;3;0;0;0;0;0;0;0;2182
1;0;0;0;0;0;0;0;0;167
1;0;1;0;0;0;0;0;0;2233
2;0;0;0;0;0;0;0;0;3696
0;0;0;0;1;0;0;0;0;3470
3;0;0;0;0;0;0;0;0;2792
0;1;0;0;0;0;0;0;3;5246
3;0;0;0;1;0;0;0;0;2062
0;3;0;0;0;0;0;1;0;2166
0;3;0;0;0;0;0;2;0;1176
0;2;3;0;0;0;0;0;0;353
0;0;0;0;0;0;0;0;0;3683
3;0;0;0;0;0;0;0;2;5491
3;0;0;0;0;0;0;0;0;3313
3;0;0;0;0;0;0;0;0;4949
0;0;0;0;0;0;0;0;2;5530
1;0;0;0;0;0;0;0;0;998
1;0;0;0;0;0;0;0;0;178
0;1;1;0;0;0;0;0;0;4067
0;0;0;0;0;0;0;0;0;947
0;0;0;0;0;0;0;0;0;3246
0;1;3;0;0;0;0;0;0;736
0;3;0;0;0;0;0;0;0;5410
0;0;0;3;1;0;0;0;0;3107
0;0;3;0;0;0;0;0;0;1555
1;3;0;0;1;0;0;0;0;1154
0;2;0;0;0;0;0;0;0;4500
0;0;0;0;2;0;0;0;0;746
0;0;0;3;0;0;0;0;0;1209
3;0;0;0;0;0;0;0;0;4176
0;0;0;0;0;0;0;0;0;5636
0;0;0;0;2;0;0;0;0;747
0;1;0;0;0;0;0;0;0;4021
0;0;0;0;0;0;0;0;0;1476
0;0;0;3;0;0;0;0;0;3752
0;3;0;0;0;0;0;0;0;4685
3;0;3;3;0;0;0;0;0;5780
3;0;0;0;0;0;0;0;1;4141
3;0;0;0;0;0;0;1;0;4732
0;0;0;0;0;0;0;0;0;5101
3;0;1;0;0;0;0;0;0;5763
3;0;0;0;0;0;0;1;0;3537
1;0;0;0;0;0;0;1;0;1102
0;0;3;0;0;0;0;0;0;510
2;0;0;0;0;0;0;0;0;1805
0;0;3;0;0;0;0;0;0;3655
0;3;0;0;0;0;0;0;0;5813
0;0;0;0;0;0;0;0;0;3034
0;0;1;0;0;0;0;0;0;1785
0;0;0;0;1;0;0;0;0;5730
0;0;3;0;0;0;0;0;0;1177
0;0;3;0;0;0;0;0;0;4062
0;0;0;0;0;0;0;0;2;5313
1;0;0;0;0;0;0;0;2;1142
0;0;2;0;0;0;0;0;0;3626
3;0;0;0;0;0;0;0;0;961
3;0;0;0;0;0;0;1;0;1667
0;0;0;0;0;0;0;2;0;376
1;0;0;0;0;0;0;0;2;5356
0;1;0;0;1;0;0;0;0;3277
0;0;0;0;0;0;0;0;3;1416
0;2;0;0;0;0;0;0;0;1546
3;0;0;0;1;0;0;0;0;3117
0;0;0;0;0;0;0;0;0;1588
1;0;0;0;0;0;0;0;0;1682
0;3;3;0;0;0;0;0;0;3851
0;0;3;0;0;0;0;0;0;4208
3;0;0;0;0;0;0;0;0;996
0;0;0;0;0;0;0;0;0;4524
0;0;0;0;0;0;0;0;2;2227
0;0;0;0;0;0;0;0;0;4289
0;2;0;0;0;0;0;0;0;2331
0;1;3;0;0;0;0;0;0;5500
3;0;0;0;0;0;0;2;0;2023
1;0;0;0;0;0;0;0;1;4812
0;0;3;0;0;0;0;0;0;1289
3;0;0;0;0;0;0;1;0;2706
0;3;0;0;0;0;0;0;0;2797
0;0;0;0;0;0;0;0;0;3899
1;1;0;0;0;0;0;0;0;3457
0;0;3;0;0;0;0;0;0;3228
0;3;0;0;0;0;0;0;0;3612
0;3;0;0;0;0;0;1;0;980
0;0;0;0;0;0;0;0;0;5696
3;0;0;0;0;0;0;0;2;3395
0;0;0;0;0;0;0;0;0;2347
3;0;0;0;2;0;0;0;0;3394
1;0;3;0;0;0;1;0;0;3673
0;0;3;0;0;0;0;0;0;1445
0;0;0;0;0;0;0;0;0;823
0;0;0;3;0;0;0;0;0;2763
2;0;0;0;0;0;0;0;1;4245
3;0;0;0;0;0;0;0;0;4923
3;0;0;0;0;0;0;0;0;718
0;0;0;0;0;0;0;2;0;1603
0;3;0;0;0;0;0;1;0;3806
0;0;0;0;1;0;0;0;0;3233
3;0;0;0;0;0;0;0;0;960
0;3;0;0;0;0;0;0;0;3736
2;0;0;0;0;0;0;0;2;5460
1;1;0;0;1;0;0;0;0;3292
0;0;2;2;0;0;0;0;0;993
0;0;0;0;0;0;0;0;0;2114
0;0;0;0;0;0;0;0;0;2954
0;0;0;0;0;0;0;0;0;24
2;0;0;0;0;0;1;0;1;722
0;3;0;0;0;0;0;0;0;2834
0;3;0;0;0;0;0;0;0;945
0;3;0;0;0;0;0;0;0;2060
1;0;0;0;0;0;0;0;0;4979
3;0;0;0;0;0;0;1;0;5564
2;0;0;0;0;0;0;0;2;1514
0;3;0;0;0;0;0;2;0;862
0;0;0;0;0;0;0;0;0;1726
0;3;0;0;0;0;0;0;0;1168
3;0;1;0;3;0;0;0;0;5075
0;3;0;0;0;0;0;2;0;5349
0;0;0;0;0;0;0;0;3;5727
0;0;0;0;0;0;0;0;0;2871
0;0;0;0;0;0;0;0;3;4734
0;0;0;0;0;0;0;0;0;5362
1;0;0;0;0;0;0;0;1;4743
0;3;0;0;0;0;0;0;0;3795
1;0;2;0;3;0;0;0;0;5341
0;3;0;0;0;0;0;1;0;4130
3;0;0;0;0;0;0;0;2;288
3;0;0;0;0;0;0;1;0;2362
0;0;0;0;0;0;0;0;0;5726
0;1;0;0;0;0;0;0;0;3459
0;0;3;0;0;0;0;0;0;557
0;3;0;0;0;0;0;0;0;2380
3;0;0;0;0;0;0;0;0;2423
2;0;0;0;0;0;0;0;3;3730
0;0;0;0;0;0;0;0;3;5552
3;0;0;0;0;0;0;0;0;4866
0;3;1;0;0;0;0;0;0;4361
0;0;0;0;0;0;0;0;0;5194
1;0;0;0;0;0;0;0;0;963
0;0;0;0;0;0;0;0;0;5111
3;0;0;0;0;0;0;0;0;745
0;0;0;0;0;0;0;0;0;4583
0;2;0;0;0;0;0;0;0;1605
3;0;0;0;0;0;0;0;2;1263
3;3;3;0;0;0;0;0;0;2578
0;0;3;0;0;0;0;0;0;3651
0;0;0;0;0;0;0;0;0;1423
0;3;0;0;0;0;0;0;0;1024
0;1;0;0;0;0;0;0;0;688
0;0;3;0;0;0;0;0;0;3896
0;0;3;0;0;0;0;1;0;182
3;0;0;0;0;0;0;1;0;1257
0;3;0;0;0;0;0;0;0;1662
0;0;0;0;1;0;0;0;0;1056
0;0;0;2;1;0;0;0;0;2229
3;0;3;0;0;0;0;0;1;2803
0;0;0;0;0;0;0;0;0;4862
0;3;0;0;0;0;0;0;0;5656
0;0;0;3;0;0;0;1;0;931
0;0;0;0;0;0;0;0;0;4366
0;0;0;3;1;0;0;0;0;102
0;1;0;0;0;0;0;0;0;2598
1;1;2;0;0;0;0;2;0;2461
1;3;0;0;0;0;0;1;0;3182
0;0;0;0;2;0;0;0;1;568
3;0;0;0;0;0;0;1;0;1312
0;3;0;0;0;0;0;0;1;5323
0;1;0;0;0;0;0;0;3;891
2;0;0;0;0;0;1;0;0;4081
2;0;0;0;0;0;0;0;2;191
0;0;0;0;0;0;0;0;0;4325
0;0;3;0;0;0;0;0;0;4565
0;0;0;0;0;0;0;0;3;2722
0;0;0;0;0;0;0;0;0;555
0;0;3;0;0;0;0;0;0;372
0;0;0;0;0;0;0;0;2;2541
0;0;0;0;0;0;0;0;3;4486
3;0;0;0;0;0;0;0;0;2771
0;1;0;0;2;0;0;0;0;295
0;3;0;0;0;0;0;0;0;1871
0;0;0;0;0;0;0;0;0;3959
0;0;2;3;1;0;0;0;0;793
3;0;0;0;0;0;0;1;0;5508
1;0;0;0;0;0;0;0;2;3687
0;0;0;3;0;0;0;0;0;4436
3;0;0;0;0;0;0;0;0;357
0;0;0;0;0;0;0;0;3;5173
0;1;0;0;0;0;0;0;0;1156
0;0;0;0;0;0;0;0;1;1907
0;0;3;0;0;0;0;0;0;2180
3;0;0;0;0;0;0;0;0;3725
0;0;0;3;0;0;0;0;0;370
0;1;1;0;0;0;0;0;0;3002
3;0;0;0;0;0;0;0;0;4706
2;0;0;0;1;0;0;0;2;1832
3;0;0;0;0;0;0;1;0;5005
0;0;3;0;0;0;0;0;0;5417
3;0;0;0;0;0;0;0;0;1027
0;0;3;0;0;0;0;0;0;2284
0;0;0;0;0;0;0;0;0;2937
0;1;3;0;0;0;0;0;0;671
0;0;3;0;0;0;0;0;1;1354
0;0;0;3;0;0;0;0;0;394
0;0;0;0;0;0;0;0;1;3368
0;3;0;0;0;0;0;0;0;5560
0;0;0;0;0;1;0;0;0;3453
0;0;0;0;0;0;0;0;0;3450
0;0;0;0;0;0;0;0;0;3909
3;3;0;0;0;0;0;0;1;3180
0;0;0;0;1;0;0;0;0;4446
0;3;0;0;0;0;0;0;0;1945
3;0;0;0;1;0;0;0;0;77
3;0;0;0;0;0;0;2;0;1226
0;0;0;0;0;0;0;0;1;2249
1;0;0;0;0;0;0;0;0;870
0;0;0;0;0;0;0;0;0;3665
0;0;3;0;0;0;0;0;0;5740
0;0;0;0;0;0;0;0;0;3407
0;3;0;0;0;0;0;1;0;5498
1;0;0;0;0;0;0;0;2;3625
1;0;0;0;1;0;0;0;0;2788
0;0;0;0;0;0;0;0;0;3382
2;3;0;0;0;0;0;0;0;660
0;0;0;0;1;0;0;0;0;5314
0;3;0;0;0;0;0;0;0;2376
0;0;3;0;0;0;0;0;0;2286
3;0;0;0;0;0;0;0;0;4223
0;3;0;0;0;0;0;0;0;4171
2;0;0;0;0;0;0;0;0;4572
0;0;0;0;0;0;0;0;0;5203
0;0;1;0;0;0;0;0;0;1120
3;0;0;0;0;0;0;0;0;5774
0;0;0;0;0;0;0;0;0;1163
3;0;0;0;0;0;0;0;0;2973
0;0;0;0;0;0;0;0;2;3207
0;3;0;0;0;0;0;0;0;2530
0;0;0;0;0;0;0;0;0;3957
2;3;0;0;0;0;0;1;0;2497
0;3;0;0;0;0;0;0;0;4791
3;0;0;0;0;0;0;0;3;11
0;0;3;0;0;0;0;0;0;2208
0;3;0;0;0;0;0;0;0;1092
0;3;0;0;0;0;0;0;0;5812
0;0;0;0;0;0;0;0;0;2443
3;0;0;0;0;0;0;0;0;957
0;0;0;0;2;0;0;0;0;464
0;3;0;0;0;0;0;1;0;5178
0;0;0;0;3;0;0;0;0;1032
0;1;0;3;0;0;0;2;0;5078
1;0;0;0;0;0;0;0;3;4052
0;0;0;0;1;0;0;0;0;1891
0;0;0;0;0;0;0;1;0;2274
0;3;0;0;0;0;0;0;0;2049
0;0;0;3;0;0;0;0;0;215
3;0;0;0;0;0;0;1;0;1532
0;3;0;0;0;0;0;0;0;293
0;3;0;0;0;0;0;0;0;5284
0;0;3;0;0;0;0;0;0;3943
0;3;0;0;0;0;0;0;0;3416
0;3;0;0;0;0;0;0;0;23
0;0;1;0;0;0;1;0;0;511
3;0;0;3;0;0;0;0;0;675
3;0;0;0;0;0;0;1;0;2358
0;3;0;0;0;0;0;0;0;5496
0;0;0;1;0;0;0;0;0;3910
0;3;0;0;0;0;0;0;0;3126
0;0;0;0;0;0;0;3;0;3376
3;0;3;0;0;0;0;0;0;3412
3;0;1;2;3;0;0;0;0;2174
1;0;0;0;0;0;0;0;0;4885
0;3;0;0;0;0;0;0;0;174
0;0;3;0;0;0;0;0;0;2478
1;0;0;0;0;0;0;0;2;1336
0;0;0;0;0;0;0;0;0;3032
0;0;0;0;0;0;0;0;0;1446
0;3;0;0;0;0;0;0;0;3525
3;0;0;0;0;0;0;0;0;1994
0;1;0;0;0;0;0;0;0;2516
0;0;0;0;1;0;0;1;0;5120
0;0;0;0;0;0;0;0;0;1010
1;0;3;0;0;0;0;0;2;4756
0;3;0;0;0;0;0;0;0;2555
0;0;0;0;0;0;1;0;0;1104
0;3;0;0;0;0;0;1;0;3345
1;0;0;0;2;0;0;0;0;3377
0;0;0;0;0;0;0;0;0;4414
0;3;0;0;0;0;0;0;0;5749
3;0;0;0;0;0;0;0;0;3295
0;3;0;0;0;0;0;0;0;720
2;0;3;0;0;0;0;0;0;1529
3;0;0;0;0;0;0;1;0;2681
0;0;0;0;2;0;0;0;0;2557
0;0;0;3;0;0;0;1;0;2431
0;0;1;0;0;0;2;0;0;3101
3;0;0;3;0;0;0;1;0;2357
0;0;3;0;0;0;0;0;0;3878
0;0;0;0;0;0;0;0;0;3771
0;0;3;0;0;0;0;0;0;2752
0;0;3;0;0;0;0;0;0;1292
0;0;0;0;0;0;0;0;3;1383
3;0;0;0;0;0;0;0;0;1778
0;3;0;0;0;0;0;0;0;2215
0;0;0;0;0;0;0;0;0;3124
3;0;0;0;0;0;0;0;0;1424
0;0;0;0;0;0;0;0;2;2235
0;3;0;0;0;0;0;0;0;94
3;0;0;0;1;0;0;0;0;46
3;0;0;0;0;0;0;0;0;4731
3;0;0;0;0;0;0;0;0;5019
0;0;1;0;0;0;0;0;3;2662
0;0;0;0;0;0;0;0;0;5044
0;0;0;0;0;0;0;0;2;2485
3;0;0;0;0;0;0;0;1;1478
0;0;3;0;0;0;0;0;0;2976
0;0;0;0;1;0;0;0;0;5202
0;0;0;0;0;0;0;0;0;1375
0;3;0;0;0;0;0;1;0;4398
3;0;0;0;0;0;0;0;0;2281
0;0;0;0;0;0;0;3;0;1210
0;3;0;0;0;0;0;1;0;558
3;0;2;0;0;0;0;0;0;5651
0;0;0;0;3;0;0;0;0;2908
0;0;0;0;0;0;0;0;3;5374
0;0;0;3;0;0;0;0;0;3883
0;1;0;0;0;0;0;0;0;3922
0;0;0;0;0;0;0;3;0;360
0;0;0;1;0;0;0;0;0;1084
0;0;0;0;1;0;0;0;3;5137
3;0;1;0;0;0;0;0;0;4892
3;0;0;0;0;0;0;0;0;3315
3;0;0;0;0;0;0;0;0;4293
3;0;0;0;0;0;0;0;0;3455
0;0;3;0;0;0;0;0;0;1988
0;0;0;0;0;0;0;0;3;1345
3;0;0;0;0;0;0;0;0;1762
0;0;0;0;0;0;0;0;0;3766
0;0;0;0;0;0;0;0;0;2959
2;0;0;0;0;0;0;0;0;4319
0;0;0;3;0;0;0;0;0;4054
0;3;0;0;0;0;0;0;0;5499
0;1;3;0;0;0;0;0;0;3308
3;0;0;0;0;0;0;0;0;4465
3;0;0;0;0;0;0;0;0;187
3;0;3;0;0;0;0;0;0;2143
1;3;0;0;0;0;0;0;0;1179
0;1;0;0;0;0;0;0;3;618
0;0;0;0;0;0;0;2;0;1633
0;0;0;0;0;3;0;0;0;5124
0;0;0;0;0;0;0;0;0;4049
1;1;2;0;0;0;0;0;0;1876
0;0;0;0;1;0;0;2;0;2219
0;0;0;0;0;3;0;0;0;2172
0;0;0;0;0;0;0;0;0;2625
0;0;2;0;2;0;0;0;0;1455
1;3;0;0;1;0;0;0;0;1637
0;3;0;0;0;0;0;0;0;1042
0;2;0;0;0;0;2;0;2;683
3;0;0;0;0;0;0;0;0;5478
1;0;0;0;0;0;0;0;3;2151
0;2;0;1;0;0;0;0;0;2436
1;1;2;0;0;0;0;0;0;4823
1;1;1;0;0;0;0;0;0;469
3;0;0;0;1;0;0;0;0;2830
0;0;0;3;0;0;0;0;0;3374
0;0;0;0;0;0;0;0;0;853
3;0;0;0;0;0;0;0;3;2013
0;3;0;0;0;0;0;0;0;4774
0;3;0;0;0;0;0;1;0;1575
0;0;0;3;0;0;0;0;0;1774
0;0;0;3;0;0;0;1;0;379
0;0;0;1;0;0;0;0;0;2491
0;3;0;0;0;0;0;0;0;3330
0;0;1;0;0;0;0;0;0;613
1;1;2;0;0;0;0;0;0;4024
0;0;3;0;0;0;0;0;0;2241
3;0;0;0;0;0;0;0;0;1002
1;0;0;0;0;0;0;0;2;1290
0;3;0;0;0;0;0;0;0;2305
0;0;0;0;2;0;0;0;0;1713
0;0;0;0;0;0;0;0;1;3927
0;0;0;0;2;0;0;0;0;1811
0;3;0;0;0;0;0;0;0;1737
0;3;0;0;0;0;0;0;0;454
0;0;3;0;0;0;0;0;0;4922
0;0;0;0;0;0;0;3;0;4580
0;0;0;0;0;0;0;0;0;338
0;0;0;0;0;0;0;0;0;5222
0;3;0;0;0;0;0;0;0;5325
3;0;0;3;0;0;0;1;0;4148
0;0;0;3;0;0;0;0;0;3210
0;0;0;0;0;0;0;0;0;249
0;0;0;0;0;0;0;0;1;597
3;1;0;0;1;0;0;0;0;879
0;0;0;0;3;0;1;0;2;5441
0;0;0;0;3;0;0;1;0;130
1;0;0;0;0;0;0;0;0;5515
2;0;0;0;1;0;0;0;2;2643
0;0;3;0;0;0;0;0;0;3227
0;0;0;3;0;0;0;2;0;983
0;3;0;0;0;0;0;0;0;5581
2;0;0;0;0;0;0;1;3;3171
0;3;0;0;0;0;0;0;0;1141
0;0;0;0;0;0;0;0;0;1462
0;0;0;0;0;0;0;0;3;4019
0;0;3;0;0;0;0;0;0;4018
0;0;0;0;0;0;0;0;0;2958
0;3;0;0;0;0;0;0;0;2074
0;0;0;0;0;0;0;0;1;170
0;2;1;0;0;0;0;0;0;76
0;3;0;0;0;0;0;0;0;4203
0;1;1;0;0;0;0;0;0;5539
3;0;3;0;0;0;0;0;0;534
1;0;0;0;0;0;0;0;0;1612
1;0;0;0;0;0;0;0;2;5725
0;1;0;0;0;0;0;0;0;2031
0;3;0;0;0;0;0;0;0;1845
3;0;0;0;0;0;0;0;0;478
1;0;0;0;0;0;0;0;2;3678
0;1;0;0;0;0;0;0;0;250
0;3;0;0;0;0;0;0;0;2731
0;0;0;0;0;0;0;0;1;1059
3;0;0;0;0;0;0;0;0;4708
0;0;1;0;0;0;0;0;0;492
0;0;0;0;0;0;0;0;3;817
0;0;0;0;0;0;0;0;0;5718
0;1;0;1;0;0;0;0;0;119
0;3;0;0;0;0;0;0;0;3647
3;0;0;0;1;0;0;1;0;3843
0;0;1;0;0;0;0;0;0;2438
3;0;0;0;1;0;0;1;2;2690
0;0;0;0;0;1;1;0;0;2093
0;0;0;0;3;0;0;1;0;128
3;0;0;0;0;0;0;0;3;266
0;3;0;0;0;0;0;0;0;2930
0;0;2;0;0;0;0;0;0;4763
0;2;1;0;2;0;0;0;0;1301
1;0;3;0;0;0;1;0;0;518
0;3;0;0;0;0;0;0;0;3722
0;0;0;0;0;0;0;0;0;1621
0;0;0;0;0;0;0;0;3;283
0;0;0;2;0;0;0;0;0;1563
1;0;3;0;0;0;0;0;0;4917
0;0;3;0;0;0;0;0;0;3507
0;0;0;0;0;0;0;0;3;4933
0;0;0;0;0;0;0;0;0;1452
0;3;0;0;0;0;0;0;0;3779
3;0;0;0;1;0;0;1;0;3534
2;0;0;0;0;0;0;0;0;790
0;0;0;0;0;0;0;0;0;1587
0;0;0;3;0;0;0;0;0;2402
0;3;0;0;0;0;0;0;0;3504
0;1;3;0;0;0;0;0;0;4481
0;3;0;0;0;0;0;0;0;1551
0;0;0;0;0;0;0;0;0;4168
0;3;0;0;0;0;0;1;0;2408
3;0;0;0;0;0;0;0;0;5305
0;3;0;0;0;0;0;0;0;1901
0;3;0;0;0;0;0;0;0;1844
0;0;0;0;0;0;0;0;0;574
0;0;0;0;0;0;0;0;3;4120
2;0;3;0;0;0;0;0;1;4859
0;0;0;0;2;0;0;0;2;3679
0;3;0;0;0;0;0;2;0;656
2;0;0;0;0;0;0;0;3;4646
3;1;0;0;0;0;0;0;0;117
0;0;0;0;0;0;0;0;3;1471
0;0;0;0;0;0;0;0;0;5230
0;0;0;0;0;0;0;1;0;4609
0;1;0;1;0;0;0;0;0;2988
3;0;2;0;0;0;0;1;0;3916
0;1;0;3;0;0;0;1;0;1207
0;0;0;0;0;0;0;0;0;4066
1;0;0;0;0;0;2;0;3;2724
0;0;3;0;0;0;0;0;0;5436
1;0;1;0;0;0;1;0;0;673
0;0;0;0;0;0;0;0;0;2452
0;3;0;0;0;0;0;1;0;4770
1;0;0;0;0;0;0;0;3;2910
3;0;0;0;0;0;0;1;0;1153
3;0;0;0;0;0;0;1;0;1266
0;1;0;3;1;0;0;0;0;1677
0;0;3;0;0;0;0;0;0;1892
0;3;0;0;0;0;0;0;0;587
0;3;0;0;0;0;0;0;0;4160
0;0;0;0;0;0;0;3;0;4941
3;0;0;0;0;0;0;0;0;590
0;0;0;0;2;0;0;0;0;1252
0;3;0;0;0;0;0;0;0;5418
0;0;3;0;0;0;0;0;0;4573
0;0;0;0;0;0;0;0;0;2865
0;3;0;0;0;0;0;1;0;5145
1;0;0;0;0;0;0;0;0;5047
0;0;0;3;0;0;0;0;0;2527
0;0;0;0;0;0;0;0;0;1687
0;0;0;0;0;0;0;0;3;530
3;0;0;0;0;0;0;0;0;84
3;0;0;0;0;0;0;0;0;4023
0;0;3;0;0;0;0;0;0;5554
0;0;0;0;0;0;0;0;0;4048
0;0;0;0;0;0;0;0;0;5435
0;0;0;3;0;3;0;0;0;5729
0;3;0;0;0;0;0;0;0;4506
1;0;0;0;0;0;0;0;3;4122
0;3;0;0;0;0;0;0;0;3794
0;3;0;0;0;0;0;0;0;4615
3;0;0;0;0;0;0;0;0;1271
1;0;0;0;0;0;0;0;2;4031
1;0;0;0;0;0;0;0;0;2974
0;3;0;0;0;0;0;0;0;2923
0;0;0;0;0;0;0;0;1;4842
0;1;3;0;0;0;0;0;0;5037
0;3;0;0;0;0;0;0;0;5553
3;0;0;0;0;0;0;0;0;374
0;0;0;0;0;0;0;0;2;5156
0;2;2;0;0;0;0;0;0;2330
0;0;0;3;0;0;0;2;0;3423
3;0;0;0;0;0;0;0;0;3024
0;1;0;0;2;0;0;1;0;4520
1;0;1;0;0;0;0;0;0;3301
1;1;2;0;0;0;0;0;0;1306
1;1;0;0;0;0;0;0;0;2589
0;0;3;1;0;0;0;0;0;1254
0;0;0;0;0;0;0;0;0;1982
3;3;0;0;0;0;0;0;0;1262
3;0;0;0;0;0;0;0;0;971
0;2;0;0;0;0;0;0;0;2674
0;0;0;0;0;0;0;0;0;4735
0;0;0;0;0;0;0;0;0;2580
0;3;0;0;0;0;0;0;0;3388
3;0;0;0;0;0;0;1;2;278
3;0;0;0;0;0;0;0;0;2518
3;0;0;0;0;0;0;0;2;4063
0;0;0;0;0;0;0;0;2;5631
3;0;0;0;0;0;0;0;0;5391
0;0;0;0;1;0;0;0;0;1070
3;0;0;0;0;0;0;1;0;3979
0;0;3;0;0;0;0;0;0;2
0;0;0;0;0;0;0;0;2;1702
3;0;0;0;0;0;0;0;0;5815
0;3;0;0;0;0;0;0;0;5768
2;3;0;0;0;0;0;1;0;4700
0;0;0;0;0;0;1;0;3;1072
1;1;2;0;0;0;0;0;0;4835
0;2;0;0;0;0;0;0;0;1960
0;0;0;0;0;0;0;0;0;3347
3;0;0;0;0;0;0;0;0;5805
0;0;0;0;0;0;0;0;3;552
0;0;0;3;0;0;0;0;0;992
0;0;0;0;0;0;0;0;2;3704
2;0;3;0;0;0;0;0;0;3029
3;0;0;0;0;0;0;1;0;4225
0;0;0;0;0;0;0;0;0;2659
0;3;0;0;0;0;0;1;0;1091
0;0;3;0;0;0;0;0;0;4682
2;0;0;0;0;0;0;0;0;2663
1;0;1;0;0;0;1;0;0;2079
3;0;0;0;0;0;0;1;0;3974
0;3;0;0;0;0;0;0;0;4716
2;0;1;0;0;0;0;0;0;779
3;0;0;0;1;0;0;0;0;5642
0;0;3;0;0;0;0;0;0;3302
0;1;3;0;0;0;0;0;1;547
0;3;0;0;0;0;0;2;0;2714
0;3;0;0;0;0;0;2;0;144
0;3;0;0;0;0;0;2;0;564
0;0;3;0;0;0;0;0;0;1094
0;0;0;0;0;0;0;0;0;5514
0;3;0;0;1;0;0;0;1;305
0;0;3;0;0;0;0;0;0;226
3;0;0;0;0;0;0;0;0;5765
0;0;0;0;0;0;0;0;0;1431
3;0;0;0;0;0;0;1;0;2708
1;0;0;0;1;0;1;0;0;869
0;0;0;0;0;0;0;0;0;2370
1;0;0;0;0;0;0;0;3;3558
0;0;0;1;0;3;0;0;0;3544
0;1;0;0;0;0;0;0;0;2895
0;2;0;2;0;0;0;0;0;2213
2;0;0;0;0;0;0;0;2;1060
0;0;0;0;0;0;0;0;0;593
0;3;0;0;0;0;0;0;0;3067
0;0;0;0;1;0;0;0;0;2781
0;0;0;1;0;0;0;1;0;2454
0;2;1;0;0;0;0;0;0;5416
0;0;0;0;0;0;0;0;0;3479
3;0;0;0;0;0;0;0;2;2876
0;0;3;0;0;0;0;0;0;5816
0;0;0;0;0;0;0;0;0;4250
0;0;0;3;0;0;0;0;0;1873
0;0;0;0;0;0;0;0;0;792
0;0;0;0;0;0;0;0;0;5014
0;0;0;0;0;0;0;0;2;4841
0;0;0;3;0;0;0;0;0;4612
0;3;0;0;0;0;0;0;0;327
3;0;0;0;0;0;0;0;0;358
0;1;0;0;0;0;0;1;0;2446
0;3;0;0;0;0;0;2;0;3966
0;0;0;0;0;0;0;0;0;3372
1;0;3;0;0;0;0;0;2;2011
0;0;0;0;0;0;0;2;0;1411
0;2;0;0;0;0;0;1;0;4393
0;0;0;0;0;0;0;0;0;4621
0;0;0;0;0;0;0;0;0;3578
3;0;0;0;0;0;0;0;0;3498
2;0;0;0;0;0;0;0;1;4275
0;0;0;0;0;0;0;1;0;5666
0;3;0;0;0;0;0;0;0;198
0;3;0;0;0;0;0;0;0;3737
3;1;0;0;0;0;0;0;0;4288
0;0;0;0;1;0;0;0;0;2751
1;0;0;0;0;0;0;0;1;3186
0;0;0;0;0;0;0;0;2;4746
0;0;2;0;0;0;0;0;2;2843
3;0;3;0;0;0;0;0;0;4686
0;0;0;0;2;0;0;1;0;30
0;3;0;0;0;0;0;0;0;1781
0;0;0;0;0;0;0;1;1;5714
0;0;0;0;0;0;0;0;3;676
0;3;0;0;0;0;0;0;0;3496
0;3;0;0;0;0;0;2;0;1664
0;0;0;0;2;0;0;0;0;1586
0;3;0;0;0;0;0;0;0;1007
3;0;0;0;0;0;0;0;2;3397
1;0;0;0;0;0;0;0;1;5244
0;3;0;0;0;0;0;1;0;655
0;0;0;0;1;0;0;1;0;4215
0;3;0;0;0;0;0;1;0;4635
0;0;0;0;0;0;0;0;0;301
3;0;0;0;0;0;0;1;0;2489
0;0;0;0;0;0;1;0;0;164
0;0;2;0;3;0;0;0;0;4965
0;3;0;0;0;0;0;0;0;5321
1;1;0;3;0;0;0;0;0;4687
0;1;3;0;0;0;0;0;0;3852
0;0;3;0;0;0;0;0;0;3593
3;0;0;0;0;0;0;0;0;402
3;0;0;0;0;0;0;1;0;1288
0;0;0;0;1;0;0;0;0;3573
0;0;0;0;0;1;0;0;0;5081
0;0;0;3;0;0;0;2;0;5062
0;3;0;0;0;0;0;0;0;194
0;3;0;0;0;0;0;0;0;4854
1;0;0;0;0;0;0;0;2;2993
0;3;0;0;0;0;0;0;0;2862
0;3;0;0;0;0;0;0;0;717
0;0;0;0;0;0;0;2;0;1205
0;3;0;0;0;0;0;1;0;1929
3;0;0;0;0;0;0;0;0;2206
1;3;0;0;1;0;0;0;0;3739
3;0;0;0;0;0;0;0;0;2083
0;0;0;0;1;0;1;0;0;1810
0;0;3;0;0;0;0;1;0;4411
0;0;0;0;0;0;0;0;3;1379
0;0;0;0;0;0;0;0;0;3209
0;0;3;0;0;0;0;0;0;2106
0;3;0;0;0;0;0;0;0;3304
1;0;2;0;0;0;0;0;0;3477
3;0;0;0;0;0;0;0;0;231
0;1;2;0;1;0;0;0;0;3506
3;0;0;0;0;0;0;0;3;3802
0;0;2;0;0;0;0;0;1;921
0;0;0;0;0;0;0;0;1;2857
0;0;1;0;0;0;0;0;1;3080
3;0;0;0;0;0;0;1;3;2720
0;3;0;0;0;0;0;0;0;5112
0;0;0;0;0;2;0;0;1;4007
3;0;0;0;0;0;0;2;0;2689
3;0;0;0;0;0;0;0;0;2469
2;0;0;0;0;0;0;0;0;5039
3;0;0;0;0;0;0;0;0;143
0;0;3;0;0;0;0;0;0;705
0;0;0;0;0;2;0;0;0;773
0;0;3;0;0;0;0;0;0;710
0;3;0;0;0;0;0;0;0;2515
0;3;0;0;0;0;0;0;0;2824
2;0;0;0;0;0;0;0;2;1770
0;1;0;0;0;0;0;0;0;3486
0;0;0;0;0;0;0;3;0;5302
0;3;0;0;0;0;0;0;0;2732
0;0;0;0;0;0;0;0;0;2053
0;3;0;0;0;0;0;0;0;3326
0;3;0;0;0;0;0;1;0;5350
0;0;0;0;1;0;0;0;0;185
3;0;0;0;0;0;0;0;0;3705
0;1;0;0;0;0;0;0;0;1296
3;0;0;0;0;0;0;0;1;860
0;0;3;0;0;0;0;0;2;3639
0;0;0;0;0;0;0;0;0;4985
1;0;0;0;0;0;0;0;2;3381
0;3;0;0;0;0;0;0;0;2504
0;0;0;0;0;0;0;0;3;2514
3;0;0;0;0;0;0;0;0;2946
1;1;2;0;0;0;0;0;0;5368
0;1;3;0;0;0;0;0;0;3524
0;3;0;0;0;0;0;0;0;1963
3;0;0;0;0;0;0;0;0;3314
0;3;0;0;0;0;0;1;0;818
3;0;0;0;0;0;0;0;0;2189
0;0;0;0;0;0;0;0;2;500
0;3;0;0;0;0;0;0;0;2254
0;1;1;0;0;0;0;0;0;2440
0;0;3;0;0;0;0;0;0;2586
3;0;0;0;0;0;0;1;0;3788
0;0;3;0;0;0;0;0;0;4131
0;0;0;0;1;0;0;0;2;1749
0;0;3;0;0;0;0;0;0;2983
0;0;2;0;0;0;0;0;0;3300
0;3;0;0;0;0;0;0;0;2885
0;3;0;0;0;0;0;0;0;2986
0;0;2;0;0;0;0;0;0;556
0;0;1;0;0;0;0;0;0;60
3;0;0;0;0;0;0;0;0;5338
0;0;0;0;0;0;0;0;2;4881
0;2;3;0;0;0;0;0;0;3710
0;0;0;0;0;0;0;0;0;577
0;0;3;0;0;0;0;0;0;3294
0;1;0;0;1;0;0;0;0;959
1;0;0;0;0;0;0;0;1;5266
0;0;0;0;3;0;0;0;0;830
1;0;0;0;0;0;0;0;2;4632
0;3;0;0;0;0;0;0;0;2016
0;3;0;0;0;0;0;1;0;4576
0;0;0;0;0;0;0;0;2;5450
0;0;2;0;0;0;0;0;0;1840
0;0;0;0;0;0;0;0;1;4802
3;0;0;0;0;0;0;0;0;2911
0;0;0;3;0;0;0;1;0;3513
0;3;0;0;0;0;0;0;0;1124
0;1;0;0;0;0;0;0;3;1957
0;3;0;0;0;0;0;0;0;3177
1;0;0;0;2;0;0;0;0;4963
1;0;0;0;0;0;0;0;1;5307
1;0;1;0;0;0;0;0;0;2543
3;0;0;0;0;0;0;0;0;2190
1;0;0;0;0;0;0;0;2;5289
0;0;0;0;0;0;0;0;0;696
0;3;0;0;0;0;0;0;0;2739
0;0;1;0;0;0;0;0;0;2782
3;0;0;0;0;0;0;1;0;425
0;0;0;0;1;0;0;0;0;661
3;0;0;0;1;0;0;0;0;5525
0;0;0;0;0;0;0;0;2;3342
0;0;0;0;0;0;0;0;0;5735
0;3;0;0;0;0;0;2;0;4703
0;1;0;0;0;0;0;2;0;5680
3;0;0;0;0;0;0;0;1;5624
2;0;0;0;0;0;0;0;3;3086
0;3;0;0;0;0;0;1;0;1636
1;0;0;0;0;0;1;0;0;4082
3;0;0;0;0;0;0;1;0;2222
3;0;0;0;0;0;0;2;0;5782
0;1;0;0;0;0;0;0;0;1035
1;0;0;0;0;0;0;0;0;1099
1;0;0;0;0;0;0;0;0;3502
0;1;0;0;0;0;0;0;0;5540
0;0;3;0;0;0;0;0;0;2333
0;2;0;0;0;0;0;1;0;646
0;0;0;0;0;0;0;0;2;3096
0;0;0;3;0;0;0;1;0;1320
1;0;0;0;0;0;0;0;2;3351
0;0;0;0;0;0;0;0;0;238
0;3;0;0;0;0;0;0;0;1282
0;0;0;0;0;0;0;0;1;5383
0;0;3;0;0;0;0;0;0;4061
1;0;0;0;0;0;0;0;2;1095
3;0;0;0;0;0;0;0;0;3415
0;0;0;0;0;0;0;2;0;5565
0;0;3;0;0;0;0;0;0;1127
3;0;1;0;0;0;0;1;0;3813
0;3;0;0;0;0;0;0;0;3066
0;3;0;0;0;0;0;0;0;2713
0;0;3;0;0;0;0;0;0;5770
0;0;0;0;0;0;0;0;0;4569
0;0;0;0;0;0;0;0;0;1937
1;0;0;0;0;0;1;0;0;1617
0;0;0;0;2;0;0;0;0;1034
0;0;0;0;0;0;0;2;0;4469
0;0;0;3;0;0;0;0;0;442
1;0;0;0;0;0;0;0;0;1978
3;0;2;0;0;0;0;0;0;3842
3;0;0;0;0;0;0;0;0;1942
3;0;1;0;0;0;0;0;0;1212
1;0;3;0;0;0;0;0;0;650
0;0;0;0;0;0;0;2;0;1653
0;0;0;0;0;0;0;0;3;1556
3;0;0;0;0;0;0;0;0;1986
1;1;2;0;0;0;0;0;0;5672
1;0;3;0;0;0;0;0;0;3555
0;0;0;0;1;0;0;0;0;2649
0;0;0;0;1;0;0;0;0;5056
0;3;0;0;0;0;0;0;0;1934
0;0;0;0;0;0;0;0;2;1082
2;0;0;0;0;0;0;0;0;1145
1;0;0;0;1;0;0;0;0;4119
0;3;0;0;0;0;0;1;0;416
0;0;0;1;1;0;0;2;0;982
0;3;0;0;0;0;0;0;0;462
0;3;0;0;0;0;0;0;0;730
0;2;0;0;0;0;0;0;0;3629
0;0;3;0;0;2;0;1;0;269
0;0;0;0;0;0;0;0;2;3282
0;0;0;0;0;0;0;0;0;4307
1;0;0;0;0;0;0;0;2;948
0;0;1;0;0;0;0;2;0;4217
0;0;0;0;0;0;0;2;0;129
0;0;0;0;2;0;0;0;0;1541
2;0;0;0;0;0;0;0;2;4165
1;0;0;0;0;0;0;1;0;3115
0;3;0;0;0;0;0;0;0;509
0;0;0;0;0;0;0;0;3;4827
0;0;0;0;0;0;0;0;2;1273
0;0;0;0;0;0;0;0;0;5122
0;0;0;3;1;0;0;1;0;1279
1;0;0;0;0;0;0;0;0;13
3;0;0;0;0;0;0;0;0;2935
3;0;0;0;0;0;0;0;0;4601
0;0;0;0;0;0;2;0;0;4781
0;3;0;0;0;0;0;1;0;2473
1;0;0;0;0;0;0;0;2;1669
1;0;1;0;0;0;0;0;2;3627
3;0;0;0;0;0;0;0;2;2318
0;0;0;0;1;0;0;0;0;1160
0;0;1;0;0;0;0;0;0;2979
3;0;0;0;0;0;2;0;0;2799
0;3;0;0;0;0;0;1;0;4661
1;0;0;0;0;0;0;0;0;2624
0;1;1;0;0;0;0;0;2;647
0;0;0;3;0;0;0;0;0;5071
3;3;0;0;0;0;0;0;0;2018
1;0;0;0;0;0;0;0;2;460
2;0;0;0;0;0;0;0;3;5023
0;0;0;0;0;0;0;0;0;2631
3;0;0;0;0;0;0;0;0;5012
1;3;0;0;0;0;0;0;0;317
0;3;0;0;0;0;0;0;0;5003
0;0;0;0;0;0;0;0;0;4619
3;0;0;0;0;0;0;0;0;3025
0;0;0;0;0;0;0;0;0;1981
3;0;0;0;0;0;0;0;0;5303
0;0;0;0;2;0;0;0;0;1122
3;0;0;0;0;0;0;0;0;4705
2;0;0;0;0;0;0;0;1;2918
0;0;0;0;0;0;0;0;2;529
0;0;0;0;0;0;0;2;0;2399
0;0;0;0;0;0;0;0;0;2230
0;0;3;0;0;0;0;0;0;4919
0;0;3;0;0;0;0;0;0;3488
3;0;0;0;0;0;0;1;0;2211
0;3;0;0;0;0;0;0;0;4501
0;2;0;0;0;0;0;0;1;3698
1;0;0;0;0;0;0;0;2;3638
0;3;0;0;0;0;0;0;0;3287
2;0;1;0;0;0;0;0;0;35
0;3;0;0;0;0;0;0;0;397
0;0;3;0;0;0;0;0;0;2295
2;0;0;0;0;0;0;0;0;1751
3;0;1;0;0;0;0;0;0;326
1;1;2;0;0;0;0;0;0;3692
0;0;0;0;0;0;0;0;0;1425
0;0;0;0;0;0;0;0;0;4285
0;3;0;0;0;0;0;0;0;1904
0;0;0;0;0;0;0;0;2;4796
0;0;0;0;0;0;0;0;0;3221
3;0;0;0;0;0;0;0;0;5492
0;0;3;0;0;0;0;0;0;4188
3;0;0;0;0;0;0;0;0;5099
2;1;3;0;0;1;0;0;0;5484
0;0;0;0;0;0;0;3;0;2175
0;0;0;0;0;0;0;0;0;4316
0;0;0;0;0;0;0;0;0;843
0;0;0;0;0;0;0;0;2;5176
0;1;0;0;0;0;0;0;0;598
1;0;0;0;0;0;0;0;2;2348
0;0;0;0;3;0;0;0;0;3650
0;3;0;0;0;0;0;0;0;3804
0;3;0;0;0;0;0;0;0;1198
0;0;1;0;0;0;0;0;0;2087
3;0;0;0;0;0;0;1;0;4934
0;0;2;0;0;0;0;0;0;725
0;0;3;0;0;0;0;0;0;567
3;0;0;0;0;0;0;1;0;3296
1;0;0;1;0;0;0;1;0;5579
0;0;0;0;0;0;0;0;3;803
3;0;0;0;0;0;0;0;2;2397
0;0;0;0;0;0;0;1;0;4347
0;0;1;0;1;0;0;1;0;3040
0;3;0;0;0;0;0;2;0;4105
0;3;0;0;0;0;0;0;0;627
0;0;1;0;0;0;0;0;2;760
0;3;0;0;0;0;0;1;0;4522
0;3;0;0;0;0;0;0;0;3023
3;0;0;0;1;0;0;0;0;2964
1;0;0;0;0;0;1;0;3;5785
0;0;0;0;1;0;0;0;0;785
0;0;3;0;0;0;0;0;0;2523
3;0;0;0;0;0;0;0;0;5223
0;3;0;0;0;0;0;0;0;2635
0;0;0;0;0;0;0;0;2;4959
0;2;0;0;0;0;0;0;0;2928
0;0;3;0;0;0;1;0;0;312
0;3;1;0;0;0;0;0;0;5337
0;0;3;0;0;0;0;0;0;2747
3;0;0;0;0;0;0;0;0;3727
0;3;0;0;0;0;0;0;0;1302
0;0;0;0;0;0;0;0;0;1372
0;0;0;0;0;0;0;0;2;2209
1;0;0;0;0;0;0;0;2;1018
0;0;1;0;2;0;0;0;0;2948
0;0;0;0;0;0;0;0;0;1777
3;0;0;0;0;0;0;2;0;3743
0;3;0;0;0;0;0;0;0;2808
0;0;1;0;0;1;1;0;0;499
0;0;0;0;0;0;0;2;0;2242
0;0;0;0;0;0;0;0;0;2730
2;0;0;0;0;0;0;0;0;1943
0;0;3;0;0;0;0;0;0;3449
3;0;0;0;0;0;0;0;0;2466
1;0;0;2;0;0;0;0;0;4055
3;0;0;0;0;0;0;0;0;5018
0;0;0;2;0;0;0;0;0;4547
3;0;1;0;0;0;0;0;0;39
0;3;0;0;0;0;0;0;0;342
0;0;0;0;0;0;0;0;0;5434
0;0;0;0;0;0;0;1;0;2604
0;3;0;0;0;0;0;1;0;5690
0;0;0;0;1;0;0;1;0;3891
0;0;0;0;0;0;0;0;0;1037
0;3;0;0;0;0;0;0;0;5259
0;0;3;3;0;0;0;1;0;3022
3;0;0;0;0;0;0;0;0;424
0;0;0;0;0;0;0;2;0;543
0;3;0;0;0;0;0;0;0;1903
0;1;0;0;1;0;0;0;0;1736
0;0;3;0;0;0;0;0;0;1387
0;0;0;0;0;0;0;0;0;2069
0;3;0;0;0;0;0;0;0;1199
0;0;0;0;0;0;0;0;0;1753
0;3;0;0;0;0;0;0;0;2468
0;0;0;0;0;0;0;0;2;4551
1;0;0;0;0;0;0;0;0;603
2;0;0;0;0;0;0;0;2;4843
0;3;0;0;0;0;0;0;0;1535
0;2;0;0;0;0;0;0;0;2048
0;0;0;0;0;0;0;0;3;5174
3;0;0;0;0;0;0;0;0;3248
0;3;0;0;0;0;0;0;0;3719
3;0;0;0;0;0;0;1;0;491
0;0;0;0;0;0;0;0;1;759
0;3;0;0;0;3;0;0;0;795
1;0;0;0;0;0;0;0;0;3111
0;0;0;0;0;0;0;0;0;5724
3;0;0;0;0;0;0;1;3;5773
3;0;0;3;0;0;0;0;0;1321
0;0;0;0;0;0;0;0;0;3019
0;0;0;0;0;0;0;0;0;1011
0;2;0;0;0;0;0;0;0;1294
3;0;3;0;0;1;0;0;0;3199
0;0;0;0;0;0;0;0;0;5117
0;3;0;0;0;0;0;0;0;3914
0;0;0;3;1;0;0;0;0;5277
0;1;0;0;0;0;0;0;0;1597
2;2;0;0;0;0;0;0;0;5150
3;0;3;0;0;0;0;0;0;2459
0;0;1;0;0;0;0;0;0;5115
0;0;0;0;0;0;0;2;0;2812
0;0;3;0;0;0;0;0;0;825
3;0;0;0;0;0;0;0;2;706
0;3;0;0;0;0;0;0;0;2255
0;0;0;0;0;0;0;0;2;5647
0;1;0;0;0;0;0;0;0;63
0;3;0;0;0;0;0;0;0;5142
3;0;0;0;0;0;0;1;0;5684
3;0;0;0;0;0;0;0;2;4265
3;0;0;0;0;0;0;0;2;5505
0;0;3;0;0;0;2;0;0;2020
3;0;0;0;0;0;0;0;0;3810
0;3;0;0;0;0;0;0;0;2181
3;3;0;0;0;0;0;1;0;1261
0;3;2;0;0;0;0;0;0;5036
0;0;0;0;0;0;0;0;0;4033
0;0;0;0;1;0;0;3;0;4109
0;0;0;0;2;0;0;0;0;586
0;0;3;0;0;1;0;0;0;3781
0;0;0;0;0;0;0;0;0;4726
3;0;0;0;0;0;0;1;0;2915
0;3;0;0;0;0;0;2;0;5556
0;0;0;3;0;0;0;0;0;4908
0;3;0;0;0;0;0;0;0;2260
0;0;3;0;0;0;0;0;0;2511
0;3;0;0;0;0;0;0;0;1965
0;0;3;0;0;0;0;0;0;2687
0;0;3;0;0;0;0;0;0;2314
1;0;0;0;0;0;0;0;0;2327
0;0;0;0;0;0;0;1;1;2335
0;1;0;0;0;0;0;0;0;5032
0;0;0;0;0;0;0;3;0;5799
3;0;0;0;0;0;0;0;0;2413
0;3;0;0;0;0;0;0;0;1216
0;0;1;0;0;0;0;0;0;4192
0;0;0;0;0;0;0;0;0;1645
2;0;0;0;0;0;0;0;2;3817
0;0;0;0;3;0;0;2;0;5353
0;3;0;0;0;0;0;0;0;4702
3;0;0;0;1;0;0;0;0;5541
0;3;0;0;0;0;0;0;0;750
0;3;0;0;0;0;0;0;0;679
0;0;1;0;0;0;0;0;0;2786
0;1;0;0;0;0;0;0;2;4389
0;0;3;0;0;0;0;0;0;3170
0;1;0;0;0;0;0;0;0;2549
0;0;0;0;0;0;1;0;3;4080
3;0;0;0;0;0;0;1;0;3712
0;3;0;0;0;0;0;2;0;2529
0;0;0;3;0;0;0;0;0;3918
0;0;0;0;0;0;0;0;0;4315
0;0;0;0;0;0;0;0;2;4631
0;1;0;0;0;0;0;0;0;2837
0;0;0;1;0;0;0;2;0;1221
0;0;0;0;0;0;0;0;0;4368
0;1;2;0;0;0;0;2;0;4466
0;3;0;0;0;0;0;0;0;5397
0;1;0;0;0;0;0;0;0;2560
0;3;0;0;0;0;0;0;0;5822
0;0;0;0;0;0;0;0;2;2581
1;0;3;0;0;0;1;0;0;5575
0;0;0;3;0;0;0;0;0;5220
0;0;0;0;0;0;0;0;2;5669
1;3;0;0;1;0;0;0;0;29
0;0;0;0;3;0;0;0;0;2276
0;0;0;0;0;0;0;0;0;3003
0;0;0;0;0;0;0;0;0;809
0;0;1;0;1;0;0;0;0;3575
0;0;0;0;0;0;0;0;2;3281
2;0;0;0;0;0;0;0;0;615
0;3;0;0;0;0;0;0;0;3146
0;0;3;0;0;0;0;0;0;1530
0;0;0;0;2;0;0;1;0;4884
0;3;0;0;0;0;0;2;0;457
0;0;0;0;0;0;0;0;2;5519
0;0;0;3;0;0;0;1;0;3263
0;0;0;0;2;0;0;0;0;1433
0;3;0;0;0;0;0;0;0;3400
0;0;0;0;1;0;0;0;0;3474
2;0;0;0;0;0;0;0;0;100
0;3;0;0;0;0;0;1;0;5213
0;0;1;0;0;0;0;0;0;2309
0;0;2;0;2;0;0;0;0;5612
2;0;0;0;0;0;0;0;2;5136
3;0;0;0;0;0;0;0;2;5308
0;3;0;0;0;0;0;1;0;1285
0;0;3;0;0;0;0;0;0;3231
0;3;0;0;0;0;0;0;0;4359
3;0;0;0;0;0;0;0;0;314
2;0;0;0;0;0;0;0;2;2105
3;0;0;0;0;0;0;0;0;3239
0;3;0;0;0;0;0;0;0;4305
0;0;3;0;0;0;0;1;0;3357
0;0;1;0;0;0;2;0;0;687
1;0;1;0;0;0;0;0;2;1970
0;0;0;0;0;0;2;0;3;1274
0;3;0;0;0;0;0;0;0;4594
0;0;0;0;1;0;0;0;0;2860
0;0;0;0;0;0;0;0;3;4051
0;3;2;0;0;0;0;0;0;3850
0;0;0;0;0;0;0;0;3;1509
0;0;0;3;0;0;0;0;0;1220
0;3;0;0;0;0;0;0;0;3464
0;0;0;0;0;0;0;1;0;4815
1;0;0;0;0;0;0;0;3;1499
0;0;0;0;0;0;0;0;2;2661
3;0;0;0;0;0;0;0;0;3973
0;3;0;0;0;0;0;0;0;3332
0;0;3;0;0;0;0;0;0;2728
0;0;1;0;0;0;2;0;0;2411
0;0;0;0;3;2;0;0;0;5227
0;2;3;0;0;0;0;0;0;4749
0;0;3;0;0;0;0;0;0;765
0;1;2;0;0;0;0;0;0;841
0;0;0;0;0;0;0;0;0;2608
3;0;0;0;0;0;0;0;0;4056
0;0;0;0;0;0;0;0;0;5715
0;0;3;0;0;0;0;0;0;213
2;0;0;0;0;0;0;0;3;519
1;0;0;0;0;0;0;0;0;4783
2;0;3;0;0;0;0;0;0;2665
0;0;3;0;0;1;0;0;0;1806
0;0;0;0;0;0;0;0;1;3858
0;0;0;3;0;0;0;1;0;5386
0;0;3;0;0;0;0;0;0;5086
1;0;0;0;0;0;0;0;2;4849
1;0;3;3;0;0;0;0;0;5297
0;0;0;2;0;0;0;0;0;3039
1;0;0;3;0;0;0;0;0;1773
0;0;0;0;0;0;0;3;0;3235
0;1;3;0;0;0;0;0;0;4235
0;0;0;0;0;0;0;0;0;1432
1;0;0;0;0;0;0;0;1;481
0;0;0;0;1;0;0;0;0;5643
0;0;0;0;0;0;0;0;2;5224
0;3;0;0;0;0;0;0;0;4358
0;3;0;0;0;0;0;1;0;1738
1;0;0;0;0;0;0;0;0;201
0;0;1;0;0;0;0;0;0;1107
0;3;0;0;0;0;0;0;3;5739
0;2;0;0;0;0;0;0;0;2118
0;0;0;0;0;0;0;0;0;4255
0;0;0;0;1;0;0;0;2;3364
0;0;0;0;0;0;0;0;2;970
0;0;3;0;0;0;0;0;0;1554
3;0;0;0;0;0;0;2;0;3083
0;0;3;0;0;0;0;0;0;1043
3;0;0;0;0;0;0;1;0;5527
0;3;0;0;0;0;0;2;0;1680
0;0;0;0;0;1;0;0;0;4115
0;0;3;0;0;0;0;0;0;276
3;0;3;0;0;0;0;1;0;950
0;0;0;0;0;0;0;0;0;5614
3;0;0;0;0;0;0;0;0;5704
0;0;0;0;0;0;2;0;0;1158
3;0;0;0;0;0;0;0;0;4821
0;0;0;0;0;0;0;0;0;3870
0;0;3;0;0;0;0;0;0;5446
3;0;0;0;3;0;0;0;0;2715
0;0;2;0;0;2;0;0;0;1473
0;0;2;0;0;2;0;0;0;2072
0;0;2;0;1;0;0;0;0;3543
3;0;0;0;0;0;0;0;0;5512
0;0;3;0;0;0;0;0;0;4378
3;0;0;0;0;0;0;0;0;814
0;3;0;0;0;0;0;0;0;994
3;0;0;0;3;0;1;0;1;1704
3;0;0;0;0;0;0;0;0;816
0;0;0;0;0;0;0;0;0;4231
0;3;0;0;0;0;0;0;0;2108
3;0;0;0;0;0;0;0;0;5428
0;0;3;0;0;0;0;0;0;1171
0;0;3;0;0;0;0;0;0;2746
0;3;0;0;0;0;0;0;0;2029
3;0;0;0;0;0;0;0;0;3701
0;3;0;0;0;0;0;1;0;3490
0;1;2;1;1;0;0;0;0;4377
0;1;0;0;0;0;0;0;0;5258
0;0;0;0;0;0;0;0;2;1528
0;1;2;1;1;0;0;0;0;71
1;0;0;0;0;0;0;0;3;406
0;2;0;0;0;0;0;0;0;3138
0;3;1;0;0;0;0;0;0;181
0;0;0;0;0;0;0;0;0;2343
0;0;0;0;0;0;0;0;0;5409
0;0;2;0;0;1;0;1;0;4108
3;0;0;1;0;0;0;1;0;2574
0;0;0;0;0;0;0;0;0;3921
3;0;0;0;0;0;0;0;0;146
1;0;0;0;0;0;0;0;0;4539
1;0;2;0;0;0;0;0;0;999
0;3;0;0;0;0;0;0;0;5159
0;0;0;0;0;0;0;0;0;2157
0;0;0;0;0;0;0;0;2;2052
0;3;0;0;0;0;0;0;0;1792
0;0;0;0;0;0;0;0;2;3380
1;0;0;0;0;0;0;0;2;82
0;0;0;0;0;0;0;0;2;4352
1;0;0;0;0;0;0;0;2;3833
0;3;0;0;0;0;0;0;0;2351
2;0;0;0;0;0;0;0;0;3196
0;0;0;0;0;0;0;0;0;239
3;0;0;0;0;0;0;0;0;3082
0;0;3;0;0;0;0;0;0;4227
0;0;0;0;0;0;2;0;0;4218
0;3;1;0;0;0;0;0;0;4403
1;0;0;0;0;0;0;0;2;2266
0;0;0;0;0;0;0;3;0;3528
3;0;0;2;0;0;0;2;0;1436
0;0;0;0;0;0;2;0;0;2488
3;0;0;0;0;0;0;1;1;535
0;0;3;0;0;0;0;0;0;905
0;0;0;0;0;0;0;0;2;2285
0;0;0;0;0;0;0;0;2;3337
0;0;1;2;0;0;0;0;0;4738
0;2;2;0;0;0;0;0;0;1045
3;0;0;0;0;0;0;0;0;4154
0;0;0;0;0;0;0;0;0;4418
0;0;3;0;0;0;0;0;0;5456
0;2;0;1;0;0;0;3;0;4205
0;3;3;0;0;0;0;0;0;3797
3;0;0;0;0;0;0;2;0;537
0;0;0;0;0;0;0;0;0;3931
0;0;0;0;0;0;0;0;0;3865
3;0;0;0;0;0;0;0;0;333
0;1;0;0;0;0;0;0;2;3410
1;0;0;0;0;0;0;0;0;3127
0;0;0;0;0;0;0;0;2;1655
0;0;0;0;0;0;0;0;2;3551
0;3;0;0;0;0;0;0;0;4822
0;3;0;0;0;0;0;0;0;2927
0;2;0;0;0;1;0;0;0;3564
0;3;0;0;0;0;0;0;0;3462
0;0;0;0;0;0;0;0;3;3438
0;0;2;0;0;0;0;0;2;4830
0;0;3;0;0;0;0;0;0;2290
1;0;0;0;0;0;0;0;0;3510
0;0;0;0;0;0;0;0;0;1409
1;0;0;0;0;0;0;0;0;1103
0;2;0;0;0;0;0;0;0;2246
0;0;0;0;0;0;0;0;0;5697
0;0;0;0;3;0;0;1;0;124
1;1;2;0;0;0;0;0;0;1813
3;0;0;0;0;0;0;0;2;4142
3;0;0;3;0;0;0;1;0;4096
0;0;3;0;0;0;0;0;0;4585
0;0;0;0;0;0;0;0;2;5470
0;0;3;0;0;0;0;0;0;2756
0;0;0;0;1;0;0;0;0;800
0;3;0;0;0;0;0;1;0;562
0;3;0;0;0;0;0;0;0;1966
0;0;2;0;0;1;0;0;0;5664
0;3;0;0;0;0;0;0;1;302
0;1;0;0;0;0;0;0;0;4679
0;2;0;0;0;0;0;0;0;1534
0;1;0;0;1;0;0;0;0;5661
0;0;0;0;0;0;3;0;0;4877
0;0;0;0;0;0;2;0;0;680
0;1;0;1;0;0;0;0;0;5198
0;0;0;0;0;0;0;0;2;4290
0;0;0;0;0;0;0;0;2;3426
0;0;0;0;0;0;0;2;0;1249
1;1;3;0;0;0;0;0;0;3668
0;3;0;0;0;0;0;0;0;2415
3;0;0;0;0;0;0;1;0;3392
0;0;0;0;0;0;0;0;0;1533
3;0;0;0;0;0;0;1;0;3893
0;3;0;0;0;0;0;0;0;1692
3;0;0;0;0;0;0;0;0;1665
0;3;0;0;0;0;0;0;0;1491
0;3;0;0;0;0;0;0;0;3290
0;0;0;0;0;0;0;0;2;3425
0;0;0;3;0;0;0;1;0;2379
0;0;0;0;0;0;0;0;0;512
2;0;0;0;0;0;0;0;3;1355
3;0;0;0;0;0;0;0;0;375
0;2;0;1;0;0;0;0;0;4895
3;0;0;0;0;0;0;0;0;3271
0;3;0;0;0;0;0;1;0;4180
2;0;0;0;0;0;0;0;2;5698
0;0;0;0;1;0;0;0;0;247
0;0;2;0;0;0;2;0;3;2944
0;0;0;0;0;0;0;0;2;5271
0;0;0;0;0;0;0;1;0;4310
0;3;0;0;0;0;0;0;0;294
0;0;0;0;0;0;0;3;0;1206
0;0;0;0;0;0;0;1;0;107
0;0;0;0;0;0;0;0;0;259
0;0;0;0;0;0;0;0;0;3617
0;3;0;0;0;0;0;0;0;1440
1;0;0;0;2;0;0;1;0;2858
0;3;0;0;0;0;0;0;0;2417
0;0;0;0;0;0;0;0;0;3220
0;0;2;0;0;0;0;0;0;4762
0;0;0;0;0;0;0;0;2;4729
0;0;0;0;0;0;0;1;0;4348
0;3;0;0;0;0;0;0;0;3230
3;0;0;0;0;0;0;0;2;4765
3;0;0;0;0;0;0;0;0;4865
0;0;3;0;0;0;0;0;0;3732
0;0;0;0;0;0;0;0;2;114
0;3;0;0;0;0;0;0;0;968
0;0;2;0;0;0;0;0;0;1719
0;3;0;0;0;0;0;0;0;1466
3;0;0;0;0;0;0;0;0;3151
0;0;0;0;0;0;0;0;2;1057
0;3;0;0;0;0;0;0;0;4998
0;0;0;0;0;0;0;0;0;917
3;0;3;0;0;0;0;0;0;4420
0;0;3;0;0;0;0;0;0;2071
0;0;2;0;0;0;0;0;0;1096
0;0;0;0;0;0;0;0;2;5429
0;2;0;0;0;0;0;1;0;2628
3;0;0;0;0;0;0;0;0;1787
0;3;0;0;0;0;0;0;0;3331
0;3;0;0;0;0;0;2;0;2576
0;0;0;0;0;0;0;0;2;98
0;0;3;0;0;2;0;0;0;3166
0;0;0;0;0;0;0;0;0;4602
1;0;0;0;0;0;0;0;0;2384
0;0;1;0;0;0;0;0;0;2968
0;3;0;0;0;0;0;0;0;5694
3;0;0;0;0;0;0;0;0;3835
0;3;0;0;0;0;0;0;0;5708
0;0;3;0;0;0;0;0;0;651
3;0;3;0;0;0;0;0;0;719
0;0;0;0;0;0;0;3;0;3670
3;0;0;0;0;0;0;1;0;1175
0;0;0;0;0;0;0;0;0;4652
0;0;0;0;2;0;0;0;0;3018
0;0;0;0;0;0;0;0;0;606
0;3;0;0;0;0;0;0;0;2868
1;0;0;0;0;0;0;0;0;1525
0;3;0;0;0;0;0;0;0;2326
0;0;0;0;0;0;0;0;2;2500
0;3;0;0;0;0;0;2;0;5795
0;0;0;0;0;0;0;0;0;4589
3;0;0;0;0;0;0;0;2;2124
0;3;0;0;0;0;0;0;0;7
0;0;0;0;0;0;0;0;3;2250
3;0;0;0;0;0;0;0;0;116
0;0;3;0;0;0;0;0;0;3542
0;0;0;3;0;0;0;1;0;392
0;0;2;0;0;0;0;0;0;2641
0;2;0;0;0;0;0;0;0;286
0;0;0;0;0;0;0;0;2;4544
1;0;0;0;0;0;0;0;0;3548
0;0;3;0;0;0;0;0;0;5424
0;3;0;0;0;0;0;1;0;2216
3;0;0;0;0;0;0;1;0;3398
2;0;0;0;0;0;0;0;2;1475
0;3;0;0;0;0;0;0;0;2375
1;0;0;0;0;0;0;0;0;3058
0;0;2;3;0;0;0;0;0;1208
0;0;0;0;0;0;0;0;0;4015
0;0;0;0;0;0;0;0;0;5364
0;0;0;0;0;0;0;0;0;2605
0;0;1;0;0;0;0;0;0;2192
0;2;0;0;0;0;0;0;0;2109
0;0;1;0;0;0;0;0;0;2704
0;2;0;0;0;0;0;0;0;5400
0;0;0;0;0;0;0;0;2;5529
0;0;3;0;0;0;0;0;0;4586
0;3;0;0;0;0;0;0;0;5692
0;0;0;3;0;0;0;1;0;1427
0;0;0;0;1;0;0;0;0;3028
1;0;0;0;0;0;0;0;2;3284
0;3;0;0;0;0;0;0;0;4558
0;3;0;0;0;0;0;0;0;3587
0;2;0;0;1;0;0;1;0;5810
0;0;3;0;0;0;0;0;0;1136
0;3;0;0;0;0;0;0;0;4461
0;0;1;0;0;0;0;0;0;5116
3;0;0;0;0;0;0;0;0;2998
0;3;0;0;0;0;0;0;0;308
1;1;3;0;0;0;0;0;0;4666
0;0;0;0;0;0;0;0;0;1047
0;0;2;0;0;0;0;0;0;3088
0;3;0;0;0;0;0;0;0;2200
0;0;3;0;0;0;0;0;0;715
0;3;0;0;0;0;0;0;0;4173
0;3;0;0;0;0;0;0;0;4593
0;2;0;0;0;0;0;1;0;5
0;0;0;0;1;0;0;0;0;1417
0;0;3;0;0;0;0;0;0;5706
0;0;0;0;0;0;0;3;0;5389
2;0;0;0;0;0;0;0;2;3236
0;0;1;0;3;1;0;0;0;5226
0;3;0;0;0;0;0;0;0;3006
0;3;0;0;0;0;0;1;0;4699
0;0;3;0;0;0;0;0;0;3359
3;0;0;0;0;0;0;0;0;4458
0;3;0;0;0;0;0;1;0;65
0;0;0;0;0;0;0;0;1;4092
0;0;0;0;0;0;0;3;0;4651
0;0;0;0;0;0;0;0;2;4710
0;0;0;0;3;0;0;0;0;5800
3;0;1;0;0;0;0;0;0;2012
0;0;0;0;0;0;0;0;0;2855
0;0;2;2;2;0;0;0;0;5483
3;0;0;0;0;0;0;1;0;2762
3;0;0;0;1;0;0;1;0;1557
0;3;2;0;0;0;0;0;0;3178
0;0;0;0;0;0;0;0;0;3560
0;0;0;0;0;0;0;0;3;1560
3;0;0;0;0;0;0;0;0;569
2;0;0;0;0;0;0;0;2;336
0;3;0;0;0;0;0;0;0;904
0;0;3;0;0;0;0;0;0;5824
0;0;3;0;0;0;0;0;0;3572
0;0;0;3;0;0;0;0;0;2565
0;0;0;0;0;0;1;0;0;3749
0;0;0;0;0;0;0;0;2;3940
0;0;0;0;0;0;0;0;0;640
0;0;3;0;0;0;0;0;0;5486
2;0;0;0;0;0;0;0;0;3128
0;0;0;0;2;0;0;0;0;4213
0;0;0;0;1;0;0;0;0;3777
0;0;0;0;0;0;0;0;0;5691
0;0;0;0;2;0;0;1;2;3278
3;0;3;0;0;0;0;1;2;3176
2;0;0;0;0;0;0;0;2;1391
3;3;0;0;1;0;0;0;0;1744
3;0;0;0;0;0;0;0;0;2878
0;3;0;0;0;0;0;0;0;986
0;0;0;1;0;0;0;1;0;3354
0;0;0;0;0;0;3;0;3;2528
0;0;1;0;0;0;0;0;0;5803
0;3;0;0;0;0;0;0;0;54
3;0;0;0;0;0;0;0;0;2162
0;3;0;0;0;0;0;0;0;2332
0;3;0;0;0;0;0;0;0;53
3;0;0;0;0;0;0;0;0;5090
0;0;0;3;0;0;0;1;0;2312
0;0;2;1;0;2;0;0;0;5248
0;0;0;0;0;0;0;0;2;106
0;0;3;0;0;0;0;0;0;1590
3;0;0;0;0;0;0;0;0;1159
0;0;1;0;0;0;0;0;0;3005
0;0;2;0;0;0;0;0;0;2279
3;0;0;0;0;0;0;1;0;4553
0;3;0;0;0;0;0;0;0;1573
0;0;0;0;0;0;0;0;2;3855
0;0;0;0;0;0;0;0;0;479
0;0;0;0;0;0;0;0;0;5495
0;0;0;0;0;0;0;0;0;2410
0;3;0;0;0;0;0;1;0;4406
0;3;0;0;0;0;0;0;0;3611
0;0;0;0;0;0;0;0;0;2238
0;3;0;0;0;0;0;0;0;541
1;0;0;0;0;0;0;0;0;995
0;0;0;3;0;0;0;1;0;3840
0;1;3;0;0;0;0;0;0;5709
0;0;0;0;0;0;0;0;0;1976
0;0;0;0;0;0;0;0;0;635
0;0;0;0;2;0;0;0;0;1714
0;3;0;0;0;0;0;0;0;5471
0;0;0;0;0;0;0;0;2;5189
0;3;0;0;0;0;2;0;0;2142
0;3;0;0;0;0;0;0;0;1246
0;3;0;0;0;0;0;0;0;4833
3;0;0;0;0;0;0;0;0;5475
0;3;0;0;0;0;0;0;0;1843
0;0;0;3;2;0;0;0;0;1602
0;0;1;0;0;2;0;0;0;1414
0;0;0;0;3;0;0;0;0;5060
0;0;0;0;0;0;0;3;0;2244
1;0;0;0;0;0;1;0;3;433
0;3;0;0;0;0;0;0;0;1912
0;0;0;0;0;0;0;0;0;5312
0;0;0;0;0;0;0;0;0;5379
0;0;0;0;0;0;0;0;0;607
0;3;0;0;0;0;0;0;0;1553
0;0;0;0;0;0;0;0;0;349
0;0;0;0;0;0;0;0;0;3215
0;0;3;0;0;0;0;0;0;756
0;3;0;0;0;0;0;0;0;2870
3;0;0;0;0;0;0;0;0;1481
0;3;0;0;0;0;0;0;0;5146
1;0;0;0;0;0;1;0;3;2419
1;0;1;0;0;0;3;0;0;3986
0;0;0;0;1;0;0;0;0;4238
0;3;0;0;0;0;0;0;0;531
0;0;0;0;0;2;0;0;0;4016
0;0;0;0;0;0;0;0;2;3258
0;0;3;0;0;0;0;0;0;4606
3;0;0;0;0;0;0;0;0;52
0;3;0;0;0;0;0;0;0;3888
0;0;3;0;0;0;0;0;0;808
2;0;0;0;0;0;0;0;3;4944
1;1;2;0;0;0;0;0;0;5028
3;0;0;0;0;0;0;1;0;2881
0;0;0;0;0;0;0;0;2;2265
0;3;0;0;0;0;0;0;0;1315
3;0;0;0;0;0;0;0;0;3559
0;0;2;0;0;0;0;0;0;3567
0;0;0;0;0;0;2;0;2;5238
0;3;0;0;0;0;0;1;0;4162
0;3;0;0;0;0;0;0;0;876
2;0;0;0;0;0;0;0;2;5342
2;0;0;0;0;0;0;0;2;3928
0;3;0;0;0;0;0;0;0;5232
1;0;0;0;0;0;0;0;0;3540
0;0;3;0;0;0;0;0;0;4234
0;3;0;0;0;0;0;0;0;1066
2;0;0;0;0;0;0;0;2;4206
0;3;0;0;0;0;0;0;0;93
1;0;0;0;0;0;0;0;0;3523
0;0;0;0;0;0;2;0;2;2237
3;3;0;0;0;0;0;0;0;1856
1;0;0;0;0;0;0;0;0;2282
0;0;0;0;0;0;0;3;0;2218
0;0;0;3;0;0;0;1;0;5279
1;0;0;0;0;0;0;0;0;3549
0;3;0;0;0;0;0;0;0;3493
0;0;3;0;0;0;0;0;0;2733
0;3;0;0;0;0;0;1;0;1006
3;0;0;0;0;0;0;0;3;1286
0;3;0;0;0;0;0;1;0;985
0;0;0;0;0;0;0;0;0;2149
0;1;3;0;0;0;0;0;0;5747
0;1;3;0;0;0;0;0;0;584
0;0;3;0;0;0;0;0;0;74
0;3;0;0;0;0;0;0;0;933
3;0;0;0;0;0;0;0;0;2705
1;1;2;0;0;0;0;0;0;1041
0;3;0;0;0;0;0;1;0;4179
1;0;0;0;0;0;0;0;0;5045
0;3;0;0;0;0;0;0;0;4503
0;0;3;0;0;0;0;0;0;207
2;0;0;0;2;0;0;0;0;1469
0;3;0;0;3;0;0;1;0;4771
0;3;0;0;0;0;0;0;0;3949
0;0;0;0;0;0;0;0;0;5518
0;3;0;0;0;0;0;0;0;4259
3;0;0;0;0;0;0;1;2;2102
0;0;0;2;0;0;0;1;0;5089
0;0;3;0;0;0;0;0;0;2170
0;3;0;0;0;0;0;0;0;540
0;0;3;1;0;0;0;0;0;3531
0;3;0;0;0;0;0;0;0;26
0;0;3;0;0;0;0;0;0;1338
3;0;0;0;0;0;0;0;0;5164
2;0;0;0;0;0;0;0;2;3773
0;3;0;0;0;0;0;0;0;473
3;0;0;0;0;0;0;0;0;4983
0;3;0;0;0;0;0;0;0;5549
0;0;0;0;0;0;0;0;2;2299
3;0;0;0;0;0;0;1;0;2819
1;0;0;0;0;0;1;0;0;3391
0;0;2;0;0;0;0;0;0;3437
0;0;0;0;0;0;0;0;0;3216
0;0;3;0;1;0;0;0;0;3038
0;0;0;0;3;0;0;0;0;919
0;0;3;0;0;0;0;0;0;3751
0;0;0;0;0;0;0;0;0;1162
2;0;0;0;0;0;0;0;3;5250
0;3;3;0;0;0;0;0;0;1999
0;3;0;0;0;0;0;0;0;507
2;0;0;0;0;0;0;1;0;428
0;2;0;0;0;0;0;0;0;4169
0;3;0;0;0;0;0;0;0;1026
0;3;0;0;0;0;0;0;0;5050
0;3;0;0;0;0;0;0;0;5377
0;0;1;0;0;0;0;0;0;5494
0;0;3;0;0;0;0;0;0;3526
0;0;3;0;0;0;0;0;0;3808
3;0;0;0;0;0;0;0;0;4764
3;0;0;0;1;0;0;0;0;1766
0;0;0;0;0;0;0;0;2;5175
0;0;3;0;0;0;0;0;0;3387
0;0;0;0;0;0;0;0;1;1952
0;0;3;0;0;0;0;0;0;3460
0;3;0;0;0;0;0;0;0;874
0;3;0;0;0;0;0;0;0;5163
0;0;3;0;0;0;0;0;0;5779
3;0;1;0;0;0;0;0;0;2369
0;3;0;0;0;0;0;0;0;2147
2;0;0;0;0;0;0;0;0;1875
0;2;2;2;0;0;0;1;0;5335
0;2;0;1;0;0;0;0;0;4737
0;0;3;0;0;0;0;1;0;4391
0;3;0;0;0;0;0;0;0;4010
0;0;0;0;0;0;0;0;3;806
0;0;3;0;0;0;0;0;0;5741
0;3;0;0;0;0;0;0;0;5181
3;0;0;0;0;0;0;0;0;3085
3;0;0;0;0;0;0;1;0;3536
0;0;0;0;0;0;0;0;0;280
0;0;1;0;0;0;1;0;0;780
1;0;0;0;0;0;0;0;0;5701
0;0;0;0;0;0;0;0;2;3550
3;0;0;0;0;0;0;1;0;1623
0;0;0;3;0;0;0;0;0;3264
0;0;0;0;0;0;0;0;0;2790
0;0;0;0;1;0;0;0;0;4897
3;0;0;0;0;0;0;0;0;1648
0;0;0;0;0;0;0;0;0;4008
3;0;0;0;0;0;0;0;0;1910
3;0;0;0;0;0;0;0;0;3545
0;0;0;0;0;0;0;1;2;3206
0;0;0;0;0;0;0;0;0;5586
1;0;0;0;0;0;3;0;1;2021
3;0;0;0;0;0;0;0;1;769
0;0;0;0;0;0;0;0;0;104
2;0;0;0;0;0;0;0;2;4274
0;2;0;0;0;0;0;0;2;3120
0;2;0;0;0;0;0;1;0;821
0;0;0;0;0;0;0;0;0;3353
0;3;0;0;0;0;0;1;0;4073
1;1;0;0;0;0;0;0;0;5480
3;0;0;0;0;0;0;0;2;3072
1;0;0;0;0;0;0;0;2;553
0;0;0;0;0;0;0;0;0;5745
0;1;1;0;0;0;0;0;0;5756
0;0;0;0;0;0;0;0;1;5187
0;3;0;0;0;0;0;0;0;2061
0;0;3;0;0;0;0;0;0;739
0;0;0;0;0;0;0;0;0;5580
0;0;3;0;0;0;0;0;0;2738
0;3;0;0;0;0;0;0;2;4967
0;0;0;0;0;0;0;0;2;1050
0;0;0;3;0;0;0;0;0;1219
0;0;0;0;0;0;0;0;2;3205
0;0;0;0;1;0;0;0;0;3328
3;0;0;0;0;0;0;1;0;5229
0;0;0;0;0;0;0;2;0;913
2;0;0;0;0;0;0;0;0;1188
3;0;0;0;0;0;0;0;0;2941
0;3;0;0;0;0;0;0;0;3242
0;0;0;0;0;0;0;0;2;3689
0;0;0;0;0;0;0;0;0;3036
0;1;0;0;1;0;0;1;0;896
0;1;0;0;1;0;0;1;0;5322
3;0;0;0;0;0;0;0;0;3071
0;3;2;0;0;0;0;1;0;551
0;0;1;0;0;0;0;0;0;1598
0;0;1;0;1;0;0;0;0;5802
0;0;0;0;1;0;0;0;0;1689
0;0;0;0;0;0;0;0;3;1953
0;0;0;0;1;0;0;1;0;2065
1;0;0;0;0;0;0;0;1;1948
0;0;0;0;1;0;0;1;0;5733
0;3;0;0;0;0;0;0;0;4754
0;2;0;2;0;0;0;0;0;3511
0;0;0;3;2;0;0;0;0;2212
0;0;0;0;0;0;3;0;0;2652
0;3;0;0;0;0;0;0;0;287
0;0;3;0;0;0;0;0;0;1899
3;0;0;3;0;0;0;0;0;3753
1;0;0;0;0;0;0;0;1;5286
0;0;0;0;0;0;0;1;0;5358
0;0;1;0;0;0;0;0;2;2943
0;0;2;0;0;0;0;0;0;5567
0;0;0;0;3;0;0;0;0;4490
0;0;0;2;0;0;0;1;0;1148
0;0;3;0;0;0;0;0;0;4808
0;3;0;0;0;0;0;0;0;2032
0;0;0;0;0;0;0;0;2;189
0;0;0;0;0;0;0;0;2;3042
2;0;0;0;0;0;0;2;0;5404
1;0;0;0;1;0;0;0;0;3872
0;0;0;0;1;0;0;0;0;1030
0;3;0;0;0;0;0;0;0;4508
3;0;0;0;0;0;0;0;3;3845
0;0;0;0;0;0;0;0;0;4954
0;0;0;0;0;0;0;0;0;5716
2;0;2;0;0;0;0;0;0;4339
0;3;2;0;0;0;0;0;0;2154
0;2;0;0;2;0;0;0;0;2538
0;0;0;0;1;0;2;0;0;2950
0;2;0;2;0;0;0;0;0;1386
0;0;0;0;0;0;0;0;0;828
0;0;0;0;1;0;0;0;0;3758
0;3;0;0;0;0;0;0;0;2835
0;2;0;0;0;0;0;0;2;4715
0;3;0;0;0;0;0;0;0;5677
2;0;0;0;0;0;0;0;3;3169
0;0;0;0;1;0;0;0;1;3007
3;0;0;0;0;0;0;0;0;5516
0;0;0;0;0;0;0;0;0;3152
0;0;3;0;0;0;0;0;0;1887
0;0;3;0;0;0;0;0;0;2827
1;1;2;0;0;0;0;0;0;1351
0;1;0;3;0;0;0;0;0;4527
1;0;0;0;0;0;1;2;0;4878
0;0;0;0;1;0;0;0;2;4838
0;1;0;0;0;0;0;0;0;2253
0;0;0;0;1;0;0;0;2;112
3;0;0;0;0;0;0;0;2;1324
0;0;0;0;1;0;0;1;0;638
0;0;0;0;0;0;0;0;1;784
0;0;0;0;0;0;0;0;3;3690
0;0;0;0;0;0;0;0;0;4425
0;0;3;0;0;0;0;0;0;2082
3;0;0;0;0;0;0;0;2;1173
0;0;0;0;0;0;0;3;0;3424
0;2;0;0;1;0;0;0;0;3628
0;0;0;0;0;0;0;0;0;657
0;3;0;0;0;0;0;2;0;5681
0;0;1;0;0;0;0;0;0;5225
0;0;0;0;0;0;0;0;0;2695
0;0;0;3;0;0;0;1;0;3299
3;0;0;0;0;0;0;0;3;2168
0;0;0;0;0;0;0;0;2;3866
0;0;0;0;0;0;0;0;0;2653
0;0;0;0;0;0;0;0;0;3677
3;0;0;0;0;0;0;0;0;3801
0;0;0;0;0;0;0;0;0;4324
0;2;0;0;0;0;0;0;0;5336
0;3;0;0;0;0;0;0;0;5144
0;0;0;0;0;0;0;0;2;4832
0;0;2;0;0;2;0;0;0;1359
0;0;1;0;0;0;0;0;0;4261
0;0;2;2;0;0;0;0;0;5085
3;0;0;0;0;0;0;0;0;2920
0;0;0;0;0;0;0;0;0;4268
0;0;0;0;0;0;0;0;0;2388
0;0;0;0;0;0;0;0;3;2513
3;0;0;0;0;0;0;1;0;3084
0;3;0;0;0;0;0;1;0;1674
3;0;0;0;0;0;0;0;0;1310
3;0;0;0;0;0;0;0;0;951
0;0;0;3;2;0;0;1;0;103
3;0;0;0;0;0;0;0;0;273
3;0;0;0;0;0;0;0;0;1566
0;0;3;0;0;0;0;0;0;2899
0;0;0;3;0;0;0;1;0;4116
0;0;0;0;1;0;0;0;0;5610
0;0;0;0;0;0;0;0;2;4714
0;0;0;0;0;0;0;0;2;4094
3;0;0;0;0;0;0;0;2;3980
1;0;0;0;1;0;0;0;0;3880
2;0;0;0;0;0;0;0;2;4331
0;0;0;0;0;0;2;0;0;4013
0;3;0;0;0;0;0;0;0;2894
0;0;0;0;1;0;0;0;0;1019
0;3;0;0;0;0;0;0;0;4677
0;3;0;0;0;0;0;0;0;2377
3;0;3;0;0;0;0;0;0;3641
0;0;0;0;0;0;0;2;0;148
0;2;0;0;0;0;0;0;0;2025
0;0;3;0;0;0;0;0;0;2999
2;0;0;0;0;0;0;0;2;447
0;3;0;0;0;0;0;0;0;4502
0;0;0;0;0;0;0;0;0;4111
0;0;0;0;0;0;0;0;2;1874
0;0;0;0;0;0;0;0;0;777
0;3;3;0;0;0;0;0;0;4060
0;0;0;0;0;0;0;0;0;4401
0;0;1;0;0;0;0;0;0;2155
0;0;1;0;0;0;0;0;0;2975
0;2;0;0;0;0;0;1;0;3158
2;0;0;0;0;0;0;0;2;2308
0;2;0;0;0;0;0;0;1;453
0;0;2;0;0;0;0;0;0;4639
0;0;0;0;0;0;0;0;0;2960
0;0;0;0;0;0;2;0;3;4696
0;3;0;0;0;0;0;1;0;4076
0;0;0;0;0;0;0;0;0;1650
0;0;3;0;0;0;0;1;0;5710
0;3;0;0;0;0;0;0;0;4676
0;0;0;0;0;0;0;0;0;2334
0;3;0;0;0;0;0;0;0;4103
0;0;1;0;0;0;0;0;0;3829
0;0;3;0;0;0;0;0;0;2470
3;0;0;0;0;0;0;0;0;1146
0;0;0;0;0;0;3;0;0;3938
0;0;0;0;1;0;0;0;2;3929
0;0;0;0;0;0;0;0;2;2644
3;0;0;0;0;0;0;1;0;1276
3;0;0;0;0;0;0;0;2;3350
0;0;0;0;0;0;0;3;0;3814
0;3;0;0;2;0;0;0;0;738
0;2;0;0;0;0;0;1;0;4150
0;0;2;0;0;0;0;0;0;3798
0;0;0;3;0;0;0;1;3;3145
0;0;2;0;0;0;0;0;0;3245
0;0;0;0;0;0;0;0;1;4566
0;0;0;0;0;0;0;0;2;514
1;0;0;0;0;0;0;0;0;5606
2;0;0;0;0;0;0;0;2;2425
0;0;2;0;0;1;0;0;0;2736
0;3;0;0;0;0;0;0;0;483
0;0;3;0;0;0;0;0;0;4189
3;0;0;0;0;0;0;0;2;4000
0;0;3;0;0;0;0;0;2;2089
0;0;0;0;0;0;0;0;0;1716
0;0;0;0;0;0;0;0;0;2872
1;0;0;0;0;0;2;0;0;5820
0;0;0;0;0;0;0;0;0;3541
0;0;1;0;3;0;0;0;1;2867
0;3;0;0;0;0;0;0;0;5234
0;0;0;0;0;0;2;0;0;1707
3;0;0;0;0;0;0;0;0;1337
0;0;2;0;0;0;0;0;3;5179
0;3;0;0;2;0;0;1;0;3422
3;0;0;0;0;0;0;0;0;5754
0;0;0;0;0;0;0;0;0;5359
0;0;0;0;0;0;0;0;0;4518
0;0;0;2;1;0;0;2;0;4333
0;3;0;0;0;0;0;0;0;3010
3;0;0;0;0;0;0;1;0;5043
3;0;0;0;0;0;0;0;2;642
0;0;2;0;0;3;0;0;0;477
0;0;0;0;0;0;0;0;0;5619
0;0;0;0;0;0;0;0;3;2774
0;3;0;0;1;0;0;2;0;2811
3;0;0;0;0;1;0;0;0;591
2;0;0;0;0;0;0;0;2;2953
0;0;0;0;0;0;0;0;0;3249
0;1;0;0;0;0;0;0;2;1552
3;0;0;0;0;0;0;0;0;2363
0;0;3;0;0;0;0;0;0;3446
0;0;0;0;0;0;0;0;0;3869
1;0;0;0;0;0;0;0;0;4692
0;0;0;0;0;0;0;0;0;1592
0;0;0;0;0;0;0;0;0;5300
0;1;0;3;0;0;0;0;0;395
0;0;3;0;0;0;0;0;0;28
0;3;0;0;0;0;0;0;0;4202
0;0;0;0;0;0;0;0;0;2650
0;0;0;0;0;0;0;0;0;5600
0;0;2;0;0;0;0;0;0;3570
0;3;0;0;0;0;0;0;0;155
0;0;3;0;0;0;0;0;0;565
1;0;0;0;0;0;0;0;0;4776
0;3;1;0;0;0;0;0;0;307
3;0;0;0;0;0;0;0;0;5030
0;0;0;0;0;0;0;0;0;4494
0;0;3;0;0;0;0;0;0;5327
0;0;3;0;0;0;0;0;0;2676
0;0;3;0;0;0;0;0;0;731
0;0;0;0;0;0;0;0;3;4874
0;0;3;0;0;0;0;0;0;2183
0;0;0;0;0;0;0;0;0;4453
0;0;3;0;0;0;0;0;0;880
0;3;0;0;0;0;0;0;0;5654
0;0;0;0;0;0;0;0;0;245
2;0;0;0;0;0;1;0;2;2748
0;0;0;0;1;0;0;0;0;5195
0;3;0;0;0;0;0;0;0;1576
1;0;0;0;0;0;0;0;0;4538
0;0;0;0;0;0;0;0;0;2383
0;0;0;0;0;0;0;0;0;776
0;3;0;0;0;0;0;0;0;612
1;0;0;0;0;0;0;0;0;4779
0;0;0;0;0;0;0;0;2;1697
0;0;0;0;0;0;0;0;3;110
0;0;0;0;1;0;0;0;0;157
0;3;0;0;0;0;0;0;0;344
1;0;0;0;0;0;0;0;2;440
2;0;0;0;0;0;0;0;3;3439
2;0;0;0;0;0;0;0;2;2479
0;3;0;0;0;0;0;0;0;2378
0;3;0;0;0;0;0;0;0;3325
0;0;0;3;0;0;0;1;0;2996
0;0;1;0;0;2;0;0;0;113
3;0;1;0;3;0;0;0;0;918
0;3;0;0;0;0;0;0;0;848
0;0;0;0;0;0;0;0;0;5811
0;0;3;0;0;0;0;0;0;976
0;0;0;3;0;0;0;1;0;4147
0;3;0;0;0;0;0;1;0;2121
0;0;3;0;0;0;0;0;0;4975
3;0;0;0;0;0;0;0;0;1758
0;0;0;0;0;0;0;0;0;4402
0;2;0;0;0;0;0;0;0;4724
1;0;0;0;0;0;0;0;3;2980
0;0;0;0;0;2;2;0;0;636
0;3;0;0;0;0;0;0;0;5738
0;0;0;0;0;0;0;0;0;775
0;0;0;0;3;0;0;0;0;578
0;0;0;0;0;0;0;0;0;2128
2;0;0;0;0;0;0;0;2;5192
0;3;0;0;0;0;0;0;0;5255
3;0;2;0;0;0;0;0;0;4512
0;3;0;0;0;0;0;0;0;634
3;0;0;0;0;0;0;1;0;5798
0;0;0;0;0;0;0;0;2;4819
0;3;0;0;0;0;0;0;0;4198
0;0;0;0;0;0;0;0;2;5373
0;3;0;0;0;0;0;1;0;5503
1;0;0;0;0;0;0;0;2;596
0;0;3;0;0;0;0;0;0;4939
0;0;3;0;0;0;0;0;0;4876
0;0;0;0;0;0;0;0;0;2642
0;3;0;0;0;0;0;1;0;6
3;0;0;0;0;0;0;0;0;4570
1;0;0;0;0;0;0;0;0;5594
0;3;3;0;0;0;0;0;0;44
0;0;3;0;0;0;0;1;0;5447
2;0;0;0;0;0;0;0;2;815
1;0;0;0;0;0;1;0;0;2817
0;0;0;0;0;0;0;0;2;3275
3;0;0;0;0;0;0;0;2;1755
3;0;0;0;0;0;0;0;2;5241
0;0;0;3;1;0;0;0;0;4212
3;0;3;0;0;0;0;0;0;5274
0;0;0;0;0;0;0;0;0;496
0;3;0;0;0;0;0;0;0;4177
0;3;0;0;0;0;0;0;0;2112
0;2;0;2;0;0;0;0;0;1451
3;0;0;0;0;0;0;1;0;2765
0;0;0;0;0;0;0;0;0;3563
3;0;0;0;0;0;0;0;0;4385
0;0;0;0;2;0;0;0;0;5292
0;0;2;0;0;0;0;0;0;5331
3;0;0;0;0;0;0;0;3;548
0;1;0;3;0;0;0;0;0;214
0;0;3;0;0;0;0;0;0;771
2;0;0;0;0;0;0;0;0;2769
0;3;0;0;0;0;0;0;0;3135
0;0;3;0;0;0;0;0;0;3114
0;0;1;0;3;0;0;0;0;5318
1;0;0;0;0;0;0;0;0;3097
3;0;0;0;0;0;0;0;0;868
0;0;0;0;0;0;0;0;2;4921
0;0;0;0;0;0;0;0;0;232
0;0;0;0;1;0;0;0;0;1054
3;0;0;0;0;0;0;0;0;1189
0;0;0;0;0;0;0;0;0;4554
0;2;2;0;0;0;0;0;0;839
3;0;0;3;1;0;0;0;0;4537
0;0;3;0;0;0;0;0;0;3370
3;3;0;0;0;0;0;2;0;5485
0;2;0;0;0;0;0;0;0;1635
0;0;0;0;0;0;0;0;2;319
3;0;0;0;0;0;0;0;0;1752
0;0;3;0;0;0;0;0;0;1438
0;2;0;0;0;0;0;0;0;1660
3;0;0;0;0;0;0;1;0;3393
0;1;0;0;1;0;0;0;0;471
0;2;0;0;0;0;0;1;0;582
0;0;0;0;0;0;0;0;0;4723
0;0;2;0;0;0;0;0;3;713
0;0;0;0;0;0;0;3;0;3000
0;0;1;0;0;0;0;0;0;2000
0;3;0;0;0;0;0;1;0;1170
0;3;0;0;0;0;0;0;0;4326
0;0;0;0;1;0;0;0;0;2433
0;0;3;0;0;0;0;0;0;75
2;0;3;0;0;0;0;0;2;1821
0;0;0;0;0;0;0;1;2;3520
0;3;0;0;0;0;0;0;0;878
0;0;0;0;0;0;0;0;0;4427
3;0;0;0;0;0;0;0;0;3654
0;0;0;0;1;0;0;0;0;5072
2;0;0;0;0;0;0;0;0;3050
0;0;0;0;0;0;0;0;1;3130
1;0;0;0;0;0;1;0;0;2412
0;3;0;3;0;0;0;1;0;396
0;0;0;3;1;0;0;1;0;857
0;0;0;0;0;0;0;0;2;5021
2;0;0;0;0;0;0;0;0;4332
2;0;0;0;0;0;0;0;0;1974
0;0;0;0;2;0;0;0;0;4099
0;3;0;0;0;0;0;0;0;252
0;3;0;0;0;0;0;0;0;1169
0;0;0;0;0;0;0;0;3;2875
2;0;0;0;0;0;0;0;1;265
3;0;0;0;0;0;0;0;0;4986
0;3;0;0;0;0;0;0;0;3902
3;0;0;0;0;0;0;0;0;3688
3;0;0;0;0;0;0;0;0;5401
0;0;3;0;0;0;0;0;0;712
0;0;3;0;0;0;0;0;0;4977
3;0;0;0;0;0;0;0;0;5653
0;0;0;0;0;0;0;0;2;2234
0;0;1;0;1;0;0;0;0;1850
0;0;0;0;1;0;0;1;0;3063
0;0;0;0;0;0;0;0;2;4482
0;0;0;0;0;0;0;0;3;4144
0;0;0;0;0;0;0;0;2;5521
1;0;2;0;0;0;0;0;2;1405
0;0;0;0;0;0;0;0;0;4542
0;0;1;0;0;0;0;0;0;2283
2;0;3;0;0;0;0;0;2;1081
2;0;0;0;0;0;0;0;0;4667
1;0;0;0;0;0;0;1;2;5191
0;0;0;0;0;0;0;0;0;186
0;3;2;0;0;0;0;0;0;3793
3;0;0;0;0;0;0;0;0;5029
0;1;0;0;1;0;0;0;0;3108
0;0;2;0;0;0;0;0;0;5597
0;0;0;0;0;1;0;0;0;847
0;0;2;0;0;0;0;0;3;2428
0;3;0;0;0;0;0;0;0;5438
0;3;0;0;0;0;0;0;0;2050
0;3;0;0;0;0;0;0;0;5793
2;0;0;0;0;0;0;0;2;4091
0;3;0;0;0;0;0;0;0;1847
0;0;1;0;0;0;0;0;0;5413
3;0;0;0;0;0;0;0;0;645
0;0;0;0;0;0;0;3;0;3447
0;0;0;0;0;0;0;0;0;5493
1;0;0;0;0;0;0;0;0;602
0;3;0;0;0;0;0;0;0;5759
0;0;3;0;0;0;0;0;0;4579
0;0;0;0;0;0;0;0;0;2122
3;0;0;0;0;0;0;0;0;3950
0;3;0;0;0;0;0;0;0;1964
0;3;0;0;0;0;0;0;0;455
0;3;0;0;0;0;0;0;0;4698
2;0;0;0;0;0;0;0;0;4691
2;0;0;0;1;0;0;0;0;1802
0;3;0;0;0;0;0;1;0;1628
1;0;0;0;3;0;0;0;0;3355
0;3;0;0;0;0;0;0;0;1247
0;3;0;0;0;0;0;1;0;3738
0;0;0;0;0;0;0;0;0;5169
3;0;0;0;0;0;0;0;3;3746
0;0;0;0;0;0;0;0;2;786
0;2;0;1;0;0;0;0;0;1496
0;3;0;0;0;0;0;0;0;1293
3;0;0;0;0;0;0;0;3;1275
3;0;0;0;0;0;0;0;0;5140
0;0;0;0;0;0;0;0;0;2103
0;0;0;0;1;0;0;0;0;234
0;3;0;0;0;0;0;0;0;1915
0;3;0;0;0;0;0;0;0;845
2;0;0;0;0;0;0;0;2;2054
0;3;0;0;0;0;0;1;0;2990
0;0;0;0;0;0;0;0;2;3409
0;0;0;3;0;0;0;1;0;3090
1;3;0;0;0;0;0;0;0;3613
0;0;0;0;0;0;0;0;0;1685
0;0;0;0;0;0;0;0;0;2615
0;3;0;0;0;0;0;0;0;414
1;0;0;0;0;0;0;0;0;1419
3;0;0;0;0;0;0;0;2;2552
0;0;0;0;0;0;0;0;0;4484
0;2;0;0;0;0;0;0;1;2039
0;1;1;0;3;1;0;0;0;3254
3;0;0;0;0;0;0;0;0;3159
0;3;0;0;0;0;0;0;0;1816
0;3;0;0;0;0;0;0;0;721
0;0;3;0;0;0;0;0;0;3021
1;0;0;0;0;0;0;0;1;5627
0;3;0;0;0;0;0;0;0;812
0;1;3;0;0;0;0;0;0;3311
0;0;0;0;0;0;0;0;0;2796
3;0;0;0;0;0;0;0;2;2225
0;3;0;0;0;0;0;0;0;1490
1;0;0;0;0;0;0;1;2;1241
0;0;3;0;0;0;0;0;0;3599
0;0;0;0;1;0;0;0;0;3133
0;3;0;0;0;0;0;0;0;303
3;0;0;0;0;0;0;2;0;5217
3;3;0;0;0;0;0;1;0;2939
0;0;0;3;1;0;0;1;0;674
3;0;0;0;3;0;1;0;2;2749
0;0;3;0;0;0;0;0;0;4195
0;0;0;0;1;0;0;0;0;5135
1;0;0;0;0;0;0;0;0;3408
3;0;0;0;0;0;0;0;3;752
0;0;3;0;0;0;0;0;0;1353
0;3;0;0;0;0;0;0;0;832
3;0;0;0;0;0;0;0;0;3163
0;0;0;0;0;0;0;1;0;5388
0;0;0;0;0;0;0;0;0;169
0;0;2;0;0;2;0;0;0;2891
1;0;0;0;0;0;0;0;2;4330
0;0;3;0;0;0;0;0;0;4595
3;0;0;0;0;0;0;0;2;1694
1;0;3;0;0;0;0;0;0;4375
3;0;0;0;0;0;0;0;0;3413
0;3;3;0;0;0;0;0;0;545
0;0;2;0;0;0;0;0;0;4891
0;0;0;0;0;0;0;0;0;1646
0;0;0;0;0;0;0;0;0;799
0;0;3;0;0;0;0;0;0;3815
0;0;0;0;2;0;0;0;0;4733
3;0;0;0;0;0;0;0;0;1013
0;3;0;0;0;0;0;0;3;1167
0;3;2;0;0;0;0;0;0;4637
0;0;0;3;1;0;0;1;0;858
3;0;1;0;0;0;0;0;0;2940
3;0;0;0;0;0;0;0;0;4246
0;0;2;0;0;0;0;0;0;1995
0;3;0;0;0;0;0;0;0;4136
0;3;0;0;0;0;0;0;0;4996
0;0;0;0;0;0;0;0;0;1883
0;0;3;0;0;0;0;0;0;2584
2;0;1;0;0;0;0;0;2;4953
0;0;0;0;0;0;0;0;0;2655
3;0;3;0;1;0;0;1;0;768
0;0;0;0;0;0;0;0;2;893
0;0;3;0;0;0;0;0;0;2194
0;3;0;0;0;0;0;0;0;794
0;0;0;0;0;0;0;0;2;1138
0;3;0;0;0;0;0;0;0;604
0;0;3;0;1;0;0;0;0;5024
0;0;0;0;0;0;0;0;0;3908
0;3;0;0;0;0;0;0;0;4201
0;3;0;0;0;0;0;0;0;5737
0;0;0;0;0;0;0;0;0;166
0;0;0;0;0;0;2;0;0;4241
0;0;0;0;0;0;0;1;0;2789
3;0;0;0;0;0;0;0;0;3225
0;3;0;0;0;0;0;0;0;3805
1;0;0;0;3;0;0;0;0;3585
0;0;0;0;0;0;0;0;2;4088
0;0;3;0;0;0;0;0;0;208
0;0;0;0;0;0;0;0;2;829
0;0;0;0;0;0;0;0;0;3443
0;3;0;0;0;0;0;0;0;3053
0;3;0;0;0;0;0;0;0;2198
0;0;3;0;0;0;0;0;0;2900
0;2;0;3;0;0;0;0;0;120
0;1;0;0;0;0;0;0;0;4507
3;0;3;0;0;0;0;0;0;1710
0;0;3;0;0;0;0;0;0;5097
2;0;0;0;0;0;0;0;2;5520
3;0;0;0;1;0;0;1;0;1558
0;3;0;0;0;0;0;0;0;2826
3;0;0;0;0;0;2;1;0;3988
1;0;0;0;0;0;0;0;0;4270
0;3;0;0;0;0;0;0;0;5235
0;3;0;0;0;0;0;0;0;3463
0;0;0;0;0;0;0;0;0;5382
0;2;0;0;0;0;0;0;0;1108
3;0;0;0;0;0;0;1;0;3989
1;1;2;0;0;0;0;0;0;3529
0;0;0;0;0;0;0;0;0;4323
0;2;0;0;1;0;0;0;0;4303
0;0;0;0;0;0;0;0;2;3925
0;0;0;0;0;0;0;3;0;3898
0;0;0;0;0;0;0;0;0;5381
0;0;0;3;1;0;0;1;0;2066
0;0;0;0;0;0;0;0;3;934
3;0;0;0;0;0;0;0;0;1242
0;0;3;0;0;0;0;0;0;1495
0;0;0;0;0;0;0;0;3;1322
0;1;0;0;0;0;0;2;0;5781
0;0;0;0;0;0;3;0;0;5333
3;0;0;0;0;0;0;0;0;5753
0;0;3;0;0;1;0;0;0;72
0;0;0;0;0;0;0;3;0;5257
0;0;0;0;0;0;0;0;0;761
3;0;0;0;0;0;0;1;0;2807
0;0;3;0;0;0;0;0;0;549
0;3;1;0;0;0;0;0;0;930
0;3;0;0;0;0;0;0;0;1663
0;2;0;1;0;0;0;0;0;5199
0;0;0;0;2;0;0;0;0;5063
0;3;0;0;0;0;0;0;0;2775
3;0;0;0;0;0;0;0;2;2196
0;0;0;0;0;0;0;0;2;4093
2;2;0;0;0;0;0;0;0;5149
0;0;0;0;2;0;0;0;0;503
0;0;0;0;0;0;0;0;0;2490
3;0;0;0;0;0;0;0;0;4341
3;0;0;0;0;0;0;0;0;1311
0;0;0;0;0;0;0;0;0;3428
3;0;0;0;0;0;0;1;0;827
3;0;0;0;0;0;0;0;0;1668
0;0;3;3;0;0;0;1;0;2579
0;3;0;0;0;0;0;2;0;2567
1;0;0;0;0;0;0;0;0;3035
2;0;0;0;0;0;0;1;0;2356
0;0;3;0;0;0;0;0;0;693
1;0;0;0;0;0;0;0;0;2298
0;0;0;0;0;0;0;0;2;4207
0;0;0;0;0;0;0;0;3;4185
0;1;0;1;3;0;0;0;0;3383
0;0;0;0;0;0;0;0;0;4847
0;0;0;0;0;0;0;0;0;4413
0;0;0;0;0;0;0;0;2;115
3;0;0;0;0;0;0;0;0;4356
0;3;0;0;0;0;0;2;0;1237
0;2;0;0;0;0;0;0;0;4467
0;3;0;0;0;0;0;0;0;2743
3;0;3;1;0;0;0;1;3;3175
0;3;0;0;0;0;0;0;0;3969
0;0;0;0;0;0;0;1;0;2859
0;2;0;0;1;0;0;0;0;5128
0;0;0;0;0;0;0;0;2;3521
0;0;0;0;0;0;0;0;0;1975
3;0;0;0;0;0;0;0;0;2059
0;0;0;0;0;0;0;0;2;5445
0;3;0;0;0;0;0;0;0;1295
0;0;3;0;0;0;0;0;0;1780
1;0;0;0;0;0;0;0;0;1020
0;0;0;0;0;0;0;0;2;4350
0;3;0;0;0;0;0;0;0;1959
0;0;2;0;0;0;0;0;0;2123
0;3;0;0;0;0;0;0;0;1076
0;0;0;0;0;0;0;3;0;3539
0;0;0;0;1;0;3;0;0;1115
0;0;3;0;0;0;0;0;0;2520
3;0;0;0;0;0;0;0;0;4353
0;0;0;0;0;0;0;0;2;1510
0;0;3;0;0;0;0;0;2;3187
3;0;0;0;0;0;0;0;0;5092
3;0;0;0;0;0;0;0;0;3338
3;0;0;0;0;0;0;0;0;1524
0;0;0;0;0;0;0;0;0;4167
0;3;0;0;0;0;0;1;0;5352
0;0;2;0;2;0;0;0;0;2486
0;3;0;0;0;0;0;2;3;2568
0;0;0;0;3;0;0;0;0;2638
0;0;3;0;0;0;0;0;0;5743
0;0;3;0;0;0;0;0;0;1250
0;0;0;0;0;0;0;0;0;5317
0;0;0;0;0;0;0;0;2;1522
0;0;0;0;0;0;0;0;0;1403
0;0;2;0;0;0;0;0;3;3799
0;3;0;0;0;0;0;0;0;3054
0;0;0;0;0;0;0;0;0;4034
0;3;0;0;0;0;0;0;0;811
0;0;0;0;1;1;2;0;0;2951
0;3;0;0;0;0;0;0;0;306
0;0;3;0;0;0;0;0;0;5041
3;0;0;0;0;0;0;0;0;3427
0;0;0;0;1;0;0;0;0;3367
0;0;0;0;1;0;0;0;0;2882
3;0;0;3;0;0;0;1;0;4001
3;0;0;0;0;0;0;0;0;4433
2;0;0;0;0;0;1;0;0;3546
0;0;0;0;0;0;0;0;3;1377
0;3;0;0;0;0;0;0;0;4462
0;1;0;0;1;0;0;0;0;1734
1;0;0;0;0;0;0;0;0;915
0;0;0;0;0;0;0;0;0;5588
3;0;0;0;0;0;0;0;0;4487
0;3;0;0;0;0;0;0;0;3435
2;0;0;0;0;0;0;0;0;5048
3;0;0;0;0;0;0;0;0;3894
0;2;0;0;1;0;0;0;0;1140
2;0;2;0;0;0;0;0;0;1914
3;0;2;0;0;0;0;0;0;2477
0;0;0;0;0;0;0;0;0;4625
1;0;0;0;0;0;0;0;3;5265
0;0;0;0;0;0;0;0;0;1443
0;0;0;0;0;0;0;0;2;3433
0;3;0;0;0;0;0;0;0;2814
0;1;0;0;1;0;0;0;0;3965
0;0;0;0;0;0;0;0;1;4369
0;0;3;0;0;0;0;0;0;2997
0;3;1;0;0;0;0;0;0;4256
0;0;1;0;0;1;0;0;0;365
0;0;0;0;1;0;0;0;0;5660
0;0;1;0;2;0;0;0;0;3155
3;3;0;0;0;0;0;0;0;3715
0;3;0;0;0;0;0;0;0;3404
0;3;0;0;0;0;0;0;0;3344
0;3;0;0;0;0;0;0;0;3505
0;0;2;0;1;0;0;0;0;3001
0;0;0;0;0;0;0;0;0;3972
3;0;0;0;0;0;0;2;0;1245
0;0;0;0;0;0;0;0;2;1489
3;0;0;0;0;0;0;0;0;571
3;0;0;0;0;0;0;0;0;180
0;0;3;0;0;0;0;0;0;4751
0;0;0;0;0;0;0;0;0;5315
0;0;0;0;0;0;0;0;0;2463
0;0;1;0;0;0;0;0;0;2969
3;0;0;0;0;0;0;0;0;2210
0;0;0;0;0;0;0;0;3;2917
0;0;3;0;0;0;0;0;0;5794
3;0;1;0;0;0;0;0;0;5366
3;0;0;0;0;0;0;1;0;4788
0;0;0;0;0;0;0;0;2;3048
0;0;2;0;2;0;0;0;0;2366
3;0;0;0;0;0;0;0;2;5652
0;1;0;0;0;0;0;0;0;875
0;0;0;0;0;0;0;0;0;4540
0;3;0;0;0;0;0;0;0;1658
0;0;0;0;0;0;1;0;3;190
0;3;0;0;0;0;0;1;0;4704
0;0;3;0;0;0;0;0;0;1121
1;0;0;0;0;0;0;0;0;2350
0;0;1;0;0;0;0;0;0;3017
0;0;0;0;0;0;0;0;0;5055
3;0;0;0;0;0;0;0;0;403
0;0;0;0;1;0;0;0;0;4311
0;3;2;0;0;0;0;0;0;2015
3;0;0;0;0;0;0;0;1;3889
0;0;3;0;0;0;0;0;0;3666
0;0;0;0;0;0;0;0;0;1972
0;2;0;0;0;0;0;1;0;1767
0;1;0;0;0;0;0;0;0;1100
0;0;0;0;0;0;0;0;2;5744
0;3;0;0;0;0;0;0;0;1304
0;0;3;0;0;0;0;0;0;1439
0;3;0;0;0;0;0;0;0;195
0;3;0;0;0;0;0;0;0;1327
3;0;0;0;0;0;0;0;3;85
0;0;2;0;0;0;0;0;0;3767
0;0;0;3;0;0;0;0;0;1151
0;0;0;0;1;0;0;0;0;4098
0;0;2;0;0;0;0;0;0;3471
0;3;0;0;0;0;0;0;0;2293
0;0;3;0;0;0;0;0;0;1184
0;0;0;1;1;0;0;0;0;1866
0;0;0;0;0;0;0;0;0;4112
0;3;0;0;0;0;0;1;0;542
0;0;0;0;0;0;0;0;2;1380
0;2;0;0;0;0;0;0;0;1881
3;0;0;0;0;0;0;0;0;4224
0;3;0;0;0;0;0;0;0;4914
1;0;0;0;0;0;0;0;2;3581
3;0;0;0;0;0;0;0;0;3150
0;3;0;0;0;0;0;0;0;4555
0;3;0;0;0;0;0;0;0;4072
0;0;2;0;0;0;0;0;0;3569
3;0;0;3;0;0;0;1;0;4614
3;3;0;0;0;0;0;1;0;346
0;3;0;0;0;0;0;0;0;990
0;0;0;0;0;0;0;0;0;1402
0;1;0;0;3;0;0;2;0;378
1;0;0;0;0;0;0;0;0;3787
0;3;0;0;2;0;0;1;0;5351
3;0;0;0;0;0;0;0;0;4597
0;0;0;3;0;0;0;0;0;380
0;3;0;0;0;0;0;1;0;1200
3;0;0;0;0;0;0;1;0;1652
1;0;0;0;0;0;0;0;0;1503
0;0;2;0;0;2;0;0;0;236
2;0;0;0;0;0;0;0;0;3657
0;0;0;0;0;0;0;0;0;3579
0;0;0;0;2;0;0;0;0;5570
0;0;0;0;0;0;0;0;2;1830
0;1;0;0;0;0;0;0;0;5604
0;0;0;3;1;0;0;0;0;5578
0;0;0;0;2;0;0;0;0;2390
0;1;0;0;0;0;0;0;0;3494
0;3;0;0;0;0;0;0;0;5758
3;0;0;0;0;0;0;0;0;3499
0;0;1;0;0;0;0;0;2;5273
0;3;0;0;0;0;0;0;0;5035
0;0;0;0;0;0;0;0;3;2873
0;0;0;0;1;0;0;0;0;2947
0;3;0;0;0;0;0;0;0;589
0;0;2;0;0;0;0;0;0;5113
0;0;0;0;2;0;0;2;0;1055
0;3;0;0;0;0;0;0;0;1412
0;3;0;0;0;0;0;0;0;4592
0;0;0;0;0;0;0;0;0;1673
1;1;2;0;0;0;0;0;0;701
0;1;0;0;1;0;0;0;0;61
3;0;3;0;0;0;0;0;0;41
0;0;0;0;0;0;3;0;0;3987
3;0;0;0;0;0;0;0;0;335
0;0;2;0;0;0;0;0;0;3606
3;0;0;0;0;0;0;0;3;4516
0;0;3;0;0;0;0;0;0;2424
0;0;3;0;0;0;0;0;0;3113
0;0;0;2;0;0;0;0;0;3577
0;3;0;0;0;0;0;0;0;2077
0;0;0;0;2;0;0;0;0;1299
0;0;0;0;0;0;0;0;0;401
3;0;0;0;0;0;0;1;3;4267
0;1;0;0;1;0;0;1;0;2823
0;2;0;1;0;0;0;0;0;1085
0;0;1;0;2;0;0;0;0;3576
0;3;0;0;0;0;0;0;0;3243
0;0;0;0;0;0;1;0;0;5587
0;0;0;0;0;0;0;0;0;2442
0;0;2;0;0;1;0;0;0;1706
0;0;0;0;0;0;0;0;0;1619
1;1;2;0;0;0;0;0;0;3312
0;3;0;0;0;0;0;0;0;2609
2;0;0;0;0;0;0;0;2;498
1;2;0;0;0;0;0;1;0;3876
3;0;0;0;0;0;0;0;0;2034
0;0;0;0;0;0;0;0;0;2136
1;0;0;0;0;0;0;0;2;840
0;0;0;0;0;0;0;0;0;2651
0;1;0;0;0;0;0;0;0;4630
0;0;3;0;0;0;0;0;0;1248
0;0;0;0;0;0;0;0;2;3924
0;0;0;0;1;0;0;0;0;4629
0;3;0;0;0;0;0;1;0;2897
0;0;0;3;0;0;0;1;0;927
0;1;0;0;0;0;0;0;0;4657
0;0;0;0;0;0;0;0;3;3016
0;0;0;0;0;0;2;0;0;132
0;0;0;0;0;0;0;0;3;3682
2;0;0;0;0;0;0;0;2;5804
0;0;0;0;0;0;0;0;1;5384
0;3;0;0;0;0;0;0;0;4773
0;0;0;0;2;0;0;0;0;594
0;0;3;0;0;0;0;0;0;4343
0;0;3;0;0;0;0;0;2;4948
0;3;0;0;0;0;0;0;0;5130
0;3;0;0;0;0;0;0;0;1303
2;0;1;0;0;0;0;0;0;4960
0;3;0;0;0;0;0;0;0;2616
3;0;0;0;0;0;0;0;0;3659
0;0;3;0;0;0;0;0;0;2686
0;0;2;0;0;0;0;0;0;762
0;0;3;0;0;0;0;0;0;2245
3;0;0;0;0;0;0;0;0;3783
0;3;0;0;0;0;0;0;0;5760
0;0;3;0;0;0;0;0;0;3211
0;2;3;0;0;0;0;0;0;3993
2;0;0;0;0;0;0;0;0;4240
0;0;0;0;2;0;0;0;0;5665
0;0;3;0;0;0;0;0;0;576
0;1;2;2;3;0;0;0;0;3109
1;0;0;0;0;0;0;0;0;243
0;0;0;0;1;0;0;0;0;4363
0;0;0;0;0;0;0;0;0;160
1;1;2;0;0;0;0;0;0;1038
0;0;0;0;0;0;0;0;0;2703
0;0;0;2;0;0;0;0;0;3262
0;0;0;0;0;0;0;0;2;1733
0;0;3;0;0;0;0;0;0;560
3;0;0;0;1;0;0;1;0;5031
0;0;0;0;0;0;0;0;0;4880
0;0;0;0;0;0;0;0;0;4421
0;0;0;0;0;0;0;2;0;1880
3;0;0;0;0;0;0;0;0;140
0;0;2;3;0;0;0;0;0;1074
3;0;0;0;1;0;0;1;0;5009
0;3;3;0;0;0;0;1;0;2753
0;3;0;0;0;0;0;0;0;2163
0;3;0;0;0;0;0;0;0;4390
3;0;0;0;0;0;0;0;0;1923
0;3;0;0;0;0;0;1;0;2809
0;3;0;0;0;0;0;0;0;3341
0;0;3;0;0;0;0;0;0;33
0;3;0;0;0;0;0;0;0;2361
0;0;0;0;0;0;0;0;0;80
0;3;0;0;0;0;0;0;0;285
0;2;0;0;0;0;0;0;0;4037
3;0;0;0;0;0;0;0;0;1624
0;3;0;0;0;0;0;1;0;4968
0;0;0;0;0;0;0;0;0;5467
0;3;0;0;0;0;0;0;0;4132
0;0;0;0;0;0;0;0;2;1395
0;1;3;0;0;0;0;0;0;4483
0;1;3;0;0;0;0;0;0;4058
0;0;0;0;0;0;0;0;3;1951
0;0;0;0;0;0;0;0;2;4966
0;0;3;0;0;0;0;0;0;95
0;0;2;0;1;0;0;0;0;3897
3;0;0;0;0;0;0;0;0;4372
0;3;0;0;0;0;0;0;0;1568
2;0;0;0;0;0;0;0;2;1222
0;0;0;0;1;0;0;0;0;4760
0;0;2;0;1;0;0;0;0;3823
0;0;0;0;0;0;0;0;0;224
0;0;3;0;0;0;0;0;0;2688
1;3;0;0;0;0;0;0;0;200
0;0;0;0;1;0;0;0;0;5079
0;3;0;0;0;0;0;1;0;8
3;0;0;0;0;0;0;0;2;4027
0;0;0;0;0;0;0;0;2;4809
0;0;0;0;0;0;0;0;2;1089
0;0;3;0;0;0;0;0;0;4262
1;0;0;0;0;0;0;0;0;5573
3;0;0;0;0;0;0;0;0;3547
1;3;0;0;0;0;0;0;0;1854
0;0;0;0;0;0;0;0;0;2107
0;0;0;0;0;0;0;0;0;2153
0;0;0;0;0;0;0;0;2;1202
0;0;0;0;0;0;0;0;0;4870
0;0;0;0;0;0;0;0;0;1370
0;0;2;0;0;0;0;0;0;3369
0;0;0;0;0;0;0;0;0;1709
0;0;3;0;0;0;0;0;0;4805
0;1;0;0;2;0;0;0;0;4129
0;0;0;0;2;0;0;0;2;2304
0;0;0;3;1;0;0;0;0;1518
0;0;0;2;0;0;0;3;0;4002
0;1;0;0;0;0;0;0;0;5605
0;3;0;0;0;0;0;1;0;1861
0;0;3;0;0;0;0;0;0;4976
2;0;0;0;0;0;0;0;0;2553
3;0;0;0;0;0;0;0;0;3892
3;0;0;0;1;0;0;0;0;3184
0;2;3;0;1;0;0;0;0;4300
0;0;0;0;0;0;0;0;2;2444
0;3;0;0;0;0;0;0;0;4170
0;0;0;0;0;0;0;0;2;1362
0;3;0;0;3;0;0;2;0;3421
0;0;3;0;0;0;0;0;0;2169
0;3;0;0;0;0;0;0;0;2145
0;0;0;0;0;0;0;0;0;1331
0;0;0;0;0;0;0;0;2;4653
3;0;0;0;0;0;0;0;0;4935
0;0;2;0;0;0;0;0;0;5236
0;0;2;0;0;0;0;0;0;2994
1;0;2;0;0;0;0;0;0;2481
0;0;1;0;2;1;0;0;0;3956
0;3;0;0;0;0;0;0;0;4562
0;0;0;0;0;0;0;0;0;1690
0;0;0;0;0;0;0;0;2;263
1;0;1;0;0;0;0;0;2;670
0;3;0;0;0;0;0;0;0;1870
0;3;0;0;0;0;0;2;0;1365
0;0;1;0;0;0;0;0;3;4930
0;0;1;0;0;0;0;0;0;902
0;0;3;0;0;0;0;1;0;5488
0;1;0;0;1;0;0;1;0;4069
0;0;0;0;1;0;0;0;0;5261
0;3;0;0;0;0;0;1;0;4536
1;0;0;0;0;0;0;0;0;3951
0;0;1;0;0;0;0;0;0;1213
0;0;3;0;0;0;0;0;0;5091
0;0;0;0;1;0;0;0;0;5474
1;0;0;0;0;0;0;0;0;1649
3;0;0;0;0;0;0;0;2;1079
0;3;0;0;0;0;0;0;0;4769
3;0;0;0;0;0;0;0;0;4549
0;1;3;0;0;0;0;0;0;3200
0;0;0;3;0;0;0;0;0;2474
0;0;1;0;0;0;1;0;0;2544
0;3;0;0;0;0;0;0;0;4337
0;3;0;0;0;0;0;0;0;4575
0;3;0;0;0;0;0;0;0;1308
3;0;0;0;0;0;0;0;0;525
0;2;0;0;0;0;0;0;0;363
0;0;0;0;0;0;0;0;0;5392
0;3;0;0;0;0;0;0;0;1283
0;3;0;0;0;0;0;0;0;877
1;1;0;0;0;0;0;0;0;5542
0;0;3;0;0;0;0;0;0;4973
0;3;0;0;0;0;0;0;0;4997
0;1;0;0;1;0;0;1;0;2536
0;0;3;0;0;0;0;0;0;5506
0;0;2;3;3;0;0;0;0;2840
0;0;0;0;3;0;0;0;0;981
0;0;3;0;0;0;0;0;0;4266
0;0;0;0;0;0;0;0;0;4138
0;0;2;0;0;0;0;0;0;1029
0;0;0;0;0;0;0;0;2;1754
3;0;0;0;2;0;0;2;0;2850
0;0;0;0;0;0;0;0;2;2498
0;0;0;1;0;0;0;0;0;5385
0;0;0;0;1;0;0;0;0;5267
1;0;0;0;0;0;0;0;2;2040
3;0;0;0;0;0;0;1;0;4272
0;0;0;0;0;0;0;0;0;1482
0;1;2;0;0;0;0;2;0;924
3;0;0;0;0;0;0;0;0;134
0;0;1;3;0;0;0;1;0;1398
0;3;0;0;0;0;0;0;0;1657
3;0;0;0;0;0;0;0;2;813
3;0;0;0;0;0;3;0;3;797
0;3;0;0;0;0;0;0;0;3483
3;0;0;0;0;0;0;0;0;1789
3;0;0;3;0;0;0;0;0;3265
0;0;0;0;1;0;0;0;0;3636
0;3;0;0;0;0;0;0;0;463
0;0;0;0;0;0;0;0;0;4273
0;0;0;0;0;0;0;0;0;3637
2;0;0;0;0;0;0;0;0;4219
3;0;0;0;0;0;0;0;2;1215
1;1;2;0;0;0;0;0;0;1700
0;3;0;0;0;0;0;0;0;632
3;0;0;0;0;0;0;0;2;139
3;0;0;0;0;0;0;0;0;5249
3;0;0;0;0;0;0;1;0;1827
0;0;0;0;0;0;0;0;2;2302
0;0;0;0;1;2;0;0;0;3065
0;3;3;0;0;0;0;0;0;1077
1;0;0;0;0;0;0;0;2;2336
1;0;0;0;0;0;0;0;3;260
3;0;0;0;0;0;0;1;0;741
1;0;0;0;0;0;1;0;2;5632
3;0;0;0;1;0;0;1;0;3316
0;0;0;0;2;0;0;0;0;3954
0;0;3;0;1;0;0;0;0;1987
3;0;0;0;0;0;0;0;0;1922
3;0;0;0;0;0;0;0;0;1642
1;0;0;0;0;0;0;0;0;2224
3;0;0;0;0;0;0;0;0;137
1;0;2;0;0;0;0;0;0;5722
0;3;0;0;0;0;0;0;0;2922
0;0;0;3;0;0;0;1;0;2903
0;0;2;0;0;0;0;0;0;4911
0;3;0;0;0;0;0;1;0;5077
0;0;0;0;3;0;0;0;0;936
2;0;0;0;0;0;0;1;0;5309
0;0;2;0;0;0;0;0;0;3131
0;0;0;0;1;0;0;0;0;3218
0;0;3;0;0;0;0;0;0;3213
0;0;0;0;0;0;0;0;0;2130
0;0;3;0;0;0;0;0;0;2678
0;0;3;0;0;0;0;0;0;9
0;0;0;0;3;0;0;0;2;3952
0;3;0;0;0;0;0;0;0;1902
0;0;0;0;3;0;0;0;0;2006
3;0;0;0;0;0;0;0;0;441
0;0;0;0;0;0;0;1;0;4447
3;0;0;0;0;0;0;0;2;3997
0;0;0;0;0;0;0;2;0;3358
0;0;0;0;0;0;1;0;0;4797
0;3;0;0;0;0;0;0;0;3361
0;3;0;0;1;0;0;0;0;621
0;0;0;0;0;0;0;0;2;2344
0;1;0;0;1;0;0;0;0;1609
0;0;0;0;1;0;0;0;0;3429
0;0;0;0;0;0;0;0;0;3658
1;0;0;0;0;0;0;0;1;4309
0;3;0;0;0;0;0;0;0;1341
2;0;0;0;0;0;0;0;3;2588
2;0;0;0;0;0;0;0;3;4813
3;0;3;0;0;0;0;0;0;4596
0;0;2;0;2;0;0;0;0;219
0;0;0;0;1;0;0;0;0;4312
0;2;0;0;0;0;0;0;0;3208
0;0;0;0;1;0;0;0;0;1718
0;0;0;0;0;3;0;0;0;2961
0;0;0;3;3;0;0;0;0;88
3;0;0;0;0;0;0;0;0;99
0;3;0;0;0;0;0;0;0;3008
0;0;0;0;0;0;0;0;0;1464
0;3;0;0;0;0;0;0;0;199
0;1;0;0;1;0;0;0;0;600
0;0;0;0;0;1;0;0;0;2141
0;0;2;0;0;0;0;0;0;3043
0;0;0;0;0;0;0;0;0;3129
0;0;3;0;0;0;0;0;0;279
0;3;0;0;0;0;0;1;0;969
0;0;0;0;0;0;0;0;0;2138
3;0;2;0;0;0;0;0;0;5705
0;3;0;0;0;0;0;0;0;4071
0;0;0;0;0;0;0;0;0;4313
0;0;0;0;3;0;0;0;0;4038
3;0;0;0;0;0;0;0;0;5449
0;0;0;0;0;0;0;0;2;1764
1;0;0;0;0;0;0;0;2;4814
0;0;0;0;0;0;0;0;0;2582
0;0;3;0;0;2;0;0;0;2758
2;0;0;0;0;0;0;0;0;2427
0;0;0;0;0;0;0;3;0;3267
0;1;2;0;0;1;0;0;0;3588
0;1;1;0;0;0;0;0;2;3859
0;1;3;0;0;0;0;0;0;4152
1;0;3;0;0;0;0;0;3;2804
0;1;0;0;0;0;0;0;3;1267
1;1;3;0;0;0;0;0;0;3250
0;0;0;0;0;0;0;0;0;2220
0;0;0;0;0;0;0;0;0;3041
0;0;0;0;0;0;0;2;0;126
3;0;2;0;0;0;0;0;0;40
2;0;3;0;0;0;0;0;2;949
0;0;0;0;0;0;0;0;0;3405
0;0;0;0;1;0;0;0;0;2800
0;3;0;0;0;0;0;0;0;362
0;0;0;0;0;0;0;0;2;1340
0;3;3;0;0;0;0;0;0;2085
0;0;0;2;2;0;0;0;0;1325
1;1;2;0;0;0;0;0;0;4514
0;0;0;0;0;0;0;0;2;1769
0;0;1;0;0;0;0;0;0;3818
3;0;0;0;0;0;0;0;0;5430
1;0;0;0;0;0;0;0;0;1727
0;3;0;0;0;0;0;0;0;1846
0;3;0;0;0;0;0;0;0;2406
0;3;0;0;0;0;0;0;0;1090
0;0;0;0;2;0;0;0;0;1434
0;0;2;0;0;0;0;0;2;1444
0;2;3;0;0;0;0;0;0;37
0;3;0;0;0;0;0;0;0;422
0;3;0;0;0;0;0;0;0;2111
0;0;0;0;0;0;0;0;0;5242
0;0;0;0;0;0;0;0;2;4370
0;1;2;0;2;0;0;0;0;4382
0;2;0;0;0;0;0;0;0;3503
0;0;0;0;0;0;0;0;2;630
0;3;0;0;0;0;0;0;2;5472
0;0;0;0;0;0;0;0;0;1683
3;0;0;0;0;0;0;0;0;4559
0;0;0;0;3;0;0;0;0;4926
0;0;0;0;0;0;0;0;0;3903
0;3;0;0;0;0;0;0;0;732
0;0;0;0;0;0;0;2;0;5685
0;0;0;0;0;0;0;0;0;4510
2;0;2;0;0;0;0;0;0;3181
0;0;0;0;0;0;0;0;0;2660
0;3;3;0;0;0;0;0;0;484
0;3;0;0;0;0;0;0;0;3430
1;0;0;0;0;0;0;0;0;466
3;0;0;0;0;0;0;1;0;4879
1;0;0;0;3;0;0;0;0;5219
0;0;0;0;0;0;0;0;2;2316
0;3;0;0;0;0;0;0;0;5129
0;0;0;0;0;0;0;0;0;3867
3;0;0;0;0;0;0;0;0;5607
0;0;0;0;1;0;0;0;0;2323
1;0;0;0;0;0;1;0;0;3674
0;3;0;0;0;0;0;0;0;4204
1;0;0;0;0;0;0;0;0;2464
0;0;0;0;0;0;0;0;0;1920
1;1;2;0;0;0;0;0;0;3591
0;3;2;0;0;0;0;0;0;4417
3;0;0;0;0;0;0;0;0;2001
0;0;0;0;0;0;0;0;0;1429
0;0;0;0;0;0;0;0;0;697
0;0;0;3;0;0;0;0;2;4613
0;0;0;0;0;0;0;0;0;2965
0;3;0;0;0;0;0;0;0;932
3;0;3;0;0;0;0;0;0;311
3;0;0;0;0;0;0;2;0;3172
0;0;0;0;0;0;0;2;0;5007
0;0;0;0;0;0;0;0;0;4845
0;3;0;0;0;0;0;0;0;4134
3;0;3;0;0;0;0;1;0;2014
0;0;0;0;0;0;0;0;0;2784
0;3;0;0;0;0;0;0;0;5033
0;0;2;0;2;0;0;0;0;5125
0;0;0;0;3;0;0;0;0;2851
0;0;0;0;0;0;0;0;0;4519
1;0;0;0;0;0;0;0;0;4545
3;0;0;0;0;0;0;1;0;4875
0;3;0;0;0;0;0;0;0;36
1;0;0;0;0;0;0;0;0;3826
3;0;2;0;0;0;0;0;0;3917
0;0;0;0;0;0;0;0;0;3857
0;3;0;0;0;0;0;0;0;328
3;1;0;0;0;0;0;0;0;819
0;0;0;0;0;0;0;0;0;5732
0;0;3;0;0;0;0;0;0;3694
3;0;0;0;0;0;0;0;0;685
0;0;0;0;0;0;0;0;0;2445
1;0;0;0;0;0;0;0;0;974
0;0;0;0;0;0;0;0;2;2247
0;0;3;0;0;0;0;0;0;2967
0;0;0;3;0;0;0;1;0;2570
3;0;0;0;0;0;0;0;0;5105
3;0;0;0;0;0;0;1;0;520
0;0;3;0;0;0;0;0;0;2152
0;0;0;2;0;0;0;0;0;1012
0;0;3;0;0;0;0;0;0;4940
3;0;0;0;0;0;0;0;0;3962
3;0;0;0;0;0;0;0;0;51
3;0;0;0;0;0;0;0;2;2755
0;3;0;0;0;0;0;0;0;321
3;0;0;0;0;0;0;0;2;408
3;0;0;0;0;0;0;0;1;4546
0;3;1;0;0;0;0;0;0;3269
1;0;0;0;0;0;0;0;0;5153
0;0;0;3;0;0;0;0;0;385
0;0;2;0;0;0;0;0;0;837
0;0;3;0;0;0;0;0;0;3607
0;0;0;3;0;0;0;0;0;3298
0;0;0;0;0;0;0;0;0;5618
3;0;0;0;0;0;0;1;0;2081
0;0;0;0;0;0;0;0;0;1112
2;0;0;0;0;0;0;0;2;4840
0;0;0;0;0;0;0;0;0;5731
3;0;0;0;3;0;0;0;0;5464
0;3;0;0;0;0;0;0;0;3616
0;0;0;0;0;0;0;0;2;5461
0;3;0;0;0;0;0;0;0;2355
0;0;3;0;0;0;0;0;0;3741
0;3;0;0;0;0;0;0;0;1837
0;0;0;0;1;0;0;0;0;5659
1;0;0;0;0;3;0;0;0;5087
3;0;0;0;0;0;0;1;0;430
3;0;0;0;0;0;0;1;0;5311
3;0;0;0;0;0;0;0;0;5504
0;0;3;0;0;0;0;0;0;3222
3;0;0;0;0;0;0;0;0;2022
0;0;0;0;3;0;0;0;0;1139
0;3;0;0;0;0;0;0;0;4178
0;3;0;0;0;0;0;1;0;4617
0;0;0;0;2;0;0;0;0;5184
3;0;0;0;0;0;0;0;0;1562
1;0;2;0;0;0;0;0;0;2673
1;0;2;0;0;0;0;0;2;1898
0;0;3;0;0;0;0;0;0;2104
0;3;0;0;0;0;0;0;0;5396
0;0;0;0;0;0;0;0;1;4419
0;3;0;0;0;0;0;2;0;3147
1;1;0;0;0;0;0;0;0;1895
0;0;0;3;0;0;0;1;0;381
1;1;0;0;0;0;0;0;0;4825
0;0;0;0;0;0;0;0;0;4709
0;0;3;0;0;0;0;0;0;5210
0;3;0;0;0;0;0;0;0;863
0;0;0;0;0;0;3;0;0;1051
0;3;0;0;1;0;0;1;0;5324
1;0;0;0;0;0;0;0;2;1393
3;0;0;0;0;0;0;0;0;4924
0;0;3;0;0;0;0;0;0;695
0;0;3;0;0;0;0;0;0;3961
3;0;0;0;0;0;0;1;0;1632
1;0;0;0;0;0;0;0;0;3561
1;0;0;0;0;0;0;0;2;740
3;0;0;0;0;0;0;2;0;5683
0;0;3;0;0;0;0;3;0;3532
3;0;1;0;0;0;0;0;0;2207
0;0;0;2;2;0;0;1;0;3624
3;0;0;0;0;0;1;0;3;3800
0;3;0;0;0;0;0;0;0;2675
0;3;0;0;0;0;0;2;0;5256
0;3;0;0;0;0;0;2;0;3157
0;1;3;0;0;0;0;0;0;3268
3;0;0;0;1;0;0;0;0;125
1;0;0;0;0;0;1;0;0;240
0;0;0;0;0;0;0;0;0;4424
0;3;0;0;0;0;0;0;0;2502
0;0;0;0;2;0;0;1;0;5533
0;0;0;0;0;0;0;0;0;4114
1;0;0;0;0;0;0;0;0;3434
0;0;1;0;0;0;0;0;2;5394
0;3;0;0;0;0;0;0;0;4643
0;1;0;0;1;0;0;0;0;3610
0;3;0;0;0;0;0;1;0;1946
0;0;1;0;1;0;0;0;0;5320
3;0;0;0;0;0;0;0;0;4175
3;3;0;0;0;0;0;0;0;1428
0;0;0;0;0;1;0;0;0;1097
1;0;0;0;0;0;0;0;0;2945
0;2;0;1;1;0;0;0;0;2517
1;0;2;0;0;0;0;0;0;1390
0;3;0;0;0;0;0;0;0;2405
3;0;0;0;0;0;0;0;0;2422
0;0;2;0;0;0;0;0;2;5395
0;0;0;0;0;0;0;0;0;2046
3;0;0;0;0;0;0;1;0;2590
0;0;3;0;0;0;0;0;0;1313
0;0;0;3;0;0;0;1;0;3037
0;0;0;0;0;0;0;0;2;4670
0;0;0;0;0;0;0;0;0;2606
0;0;3;0;0;0;0;0;0;3270
0;3;0;0;0;0;0;0;0;5584
0;3;0;0;0;0;0;0;0;2483
0;0;0;0;0;0;0;0;0;2041
0;3;0;0;0;0;0;0;0;4789
0;0;0;0;0;0;0;0;0;2957
0;3;0;0;0;0;0;0;0;2076
0;1;0;0;0;0;0;0;0;4628
0;0;0;0;0;0;0;0;0;3621
0;0;0;0;0;0;0;0;0;5247
0;0;1;0;0;0;0;0;0;846
0;0;3;0;0;0;0;0;0;4548
3;0;0;0;0;0;0;0;0;5634
0;0;0;0;3;0;0;0;0;3142
0;0;0;0;2;0;0;0;2;3932
0;0;3;0;0;0;0;0;0;1357
0;0;0;0;0;0;0;0;0;2269
0;2;3;0;0;0;0;0;0;2214
0;1;1;0;0;0;0;0;3;609
0;0;1;0;0;0;0;0;0;5376
0;0;0;0;0;0;0;0;0;4351
0;3;0;0;0;0;0;0;0;5002
0;2;0;0;1;0;0;0;0;522
0;0;0;0;0;0;0;0;2;2551
0;3;0;0;0;0;0;0;0;1839
3;0;0;0;0;0;0;0;2;1180
0;3;0;0;0;0;0;0;0;3289
0;0;3;0;0;0;0;0;0;4912
2;0;1;0;1;0;0;0;0;3442
0;3;0;0;0;0;0;1;0;4443
0;0;3;0;0;0;0;0;0;3478
0;0;3;3;0;0;0;1;0;2070
0;0;0;3;1;0;0;1;0;3356
0;0;3;0;0;0;0;0;0;3671
3;0;0;0;0;0;0;1;0;2721
0;0;0;0;0;0;0;0;0;2115
0;3;0;0;0;0;0;0;0;502
3;0;0;0;2;0;0;1;0;3978
0;1;0;0;0;0;0;2;0;4946
1;0;0;0;0;0;0;0;2;1062
1;3;0;0;1;0;0;0;0;2010
3;0;0;0;0;0;0;1;0;391
0;3;0;0;0;0;0;0;0;2556
3;0;0;0;0;0;0;0;0;1889
2;0;0;0;0;0;0;0;3;4582
0;0;3;0;0;0;0;0;0;3110
1;0;1;0;0;0;0;0;1;45
0;3;0;0;0;0;0;0;0;2258
1;0;0;0;1;0;0;0;0;3873
0;0;0;0;0;0;0;0;0;3481
0;0;0;0;0;0;0;0;0;3139
0;0;0;0;0;0;0;0;2;2909
0;3;0;0;0;0;0;0;0;2407
0;0;2;0;0;0;0;0;2;4050
3;0;0;0;0;0;0;0;0;5357
0;0;0;0;3;0;0;0;0;3417
0;0;3;2;0;0;0;0;0;3911
3;0;0;0;0;0;0;2;0;728
1;0;0;0;0;0;0;0;2;1681
0;3;0;0;0;0;0;1;0;1328
3;0;3;0;0;0;0;0;0;2368
0;0;3;0;0;0;0;0;0;5790
0;0;0;3;0;0;0;0;0;216
0;0;3;0;0;0;0;0;0;4026
3;0;0;0;1;0;0;0;0;4872
2;0;0;0;0;0;0;0;0;4022
3;0;0;0;0;0;0;1;3;5425
0;0;3;0;0;0;0;0;0;3165
0;0;2;0;0;0;0;0;0;2508
3;0;0;0;0;0;0;1;0;4439
0;0;1;0;0;0;0;0;0;897
0;0;0;0;0;0;0;0;0;323
0;0;0;0;0;0;0;0;2;1941
0;0;2;0;0;0;0;0;2;2019
0;3;0;2;0;0;0;0;0;1
0;3;0;0;0;0;0;0;0;5378
3;0;0;0;0;0;0;0;0;1326
0;0;0;0;0;0;0;0;2;4086
0;0;0;0;1;0;0;0;0;5568
3;0;0;0;0;0;0;0;0;4415
0;3;0;0;0;0;0;0;0;2280
0;0;0;0;0;0;0;0;0;4498
0;3;0;0;0;0;0;0;0;4557
3;0;0;0;0;0;0;0;0;2599
0;0;0;0;2;1;0;0;0;281
0;0;0;0;0;0;0;0;2;3283
0;3;0;0;0;0;0;1;0;413
0;1;0;0;1;0;0;1;0;4064
2;1;0;0;0;0;0;0;0;2656
2;0;0;0;1;0;0;0;0;2889
0;1;3;0;0;0;0;0;0;3240
0;3;0;0;0;0;0;0;0;1129
0;0;3;0;0;0;0;0;0;3718
0;0;1;1;2;1;0;0;0;1454
0;0;1;0;0;0;0;0;3;4011
0;3;0;0;0;0;0;1;0;4440
0;0;0;0;3;0;0;0;0;2952
0;3;0;0;0;0;0;1;0;1848
3;0;3;0;0;0;0;0;0;217
0;3;0;0;0;0;0;1;0;1230
3;0;0;1;0;0;0;0;0;4470
0;3;3;0;0;0;0;0;0;2711
3;0;0;0;0;0;0;1;0;1505
3;0;0;0;0;0;0;0;0;4158
0;0;2;0;0;0;0;0;0;2821
1;0;3;0;0;0;1;0;0;3014
3;0;0;0;0;0;0;0;0;4873
3;0;0;0;1;0;0;0;0;1526
0;0;0;0;0;0;0;0;2;2844
0;0;0;3;0;0;0;1;0;1519
0;0;0;0;0;0;0;0;2;1396
0;1;0;0;2;0;0;0;0;4455
0;0;0;0;0;0;0;0;3;4181
2;0;0;0;0;0;0;0;0;2385
0;3;0;0;0;0;0;0;0;3385
0;0;0;1;0;1;0;0;0;5644
1;1;2;0;0;0;0;0;0;1022
0;0;2;0;0;0;2;0;0;5205
3;0;0;0;0;0;0;1;0;147
1;0;0;0;0;0;0;0;2;2700
3;0;3;0;0;0;0;0;0;2187
0;2;0;0;0;1;0;0;0;4009
0;0;0;0;1;0;0;0;0;716
0;0;0;0;0;0;0;0;2;355
0;0;0;0;0;0;3;0;0;3261
0;3;0;0;1;0;0;0;0;1879
1;0;0;0;0;0;0;0;0;4778
0;0;2;0;0;0;0;0;0;4513
0;3;0;0;0;0;0;0;0;2288
1;0;0;0;0;0;0;0;0;2888
1;0;0;0;1;0;0;1;0;1620
0;0;0;0;0;3;0;0;0;3431
0;0;0;0;0;0;0;0;2;109
0;0;0;0;0;0;0;0;0;2886
1;0;0;0;0;0;0;1;2;5040
0;0;0;0;0;0;0;3;0;3755
0;0;0;0;0;0;0;0;2;1152
2;0;0;0;0;0;0;0;2;4346
3;0;0;0;0;0;0;0;3;3224
3;0;0;2;0;2;0;0;0;4598
0;3;0;0;0;0;0;2;0;2710
0;0;0;0;0;0;0;0;2;4984
2;0;0;0;0;0;0;0;2;2267
0;3;0;0;0;0;0;1;0;1955
0;0;0;0;0;0;0;0;0;4321
0;3;0;0;0;0;0;2;0;3970
1;0;0;0;0;0;0;0;2;2759
0;0;0;2;2;0;0;0;0;4784
0;0;0;0;0;0;0;0;2;4296
3;0;0;0;0;0;0;1;0;1643
3;0;0;0;0;0;0;0;0;872
0;0;0;0;0;0;0;0;2;1916
0;0;0;0;0;0;0;0;0;4605
2;0;3;0;0;0;0;0;2;228
0;3;0;0;2;0;0;2;0;5469
0;0;0;0;0;0;0;0;2;2248
3;0;0;0;0;0;0;0;0;4239
0;2;0;0;0;0;0;0;0;1111
0;3;3;0;0;0;0;0;0;807
0;0;0;0;3;0;0;0;0;1135
1;3;0;0;1;0;0;0;0;735
0;0;3;0;0;0;0;0;0;907
0;0;0;0;0;0;0;3;0;5301
0;3;0;0;0;0;0;1;0;485
3;0;0;0;0;0;0;1;0;4471
0;0;0;0;0;0;0;0;0;2614
0;0;0;0;1;0;0;0;0;1218
0;3;0;0;0;0;0;0;0;864
0;0;0;0;0;0;0;0;2;1696
0;3;0;0;0;0;0;0;0;4636
2;0;0;0;0;0;0;0;3;227
1;1;2;0;0;0;0;0;0;898
3;0;0;0;0;0;0;0;2;4166
0;0;0;0;0;0;3;1;0;3675
3;0;3;0;0;0;0;0;0;4753
1;0;0;0;1;0;0;0;0;639
0;0;0;0;1;0;0;0;0;105
0;0;0;0;0;0;0;0;2;975
0;0;0;0;0;0;0;0;2;5295
0;0;0;0;0;0;0;0;0;4020
3;0;0;0;0;0;0;0;0;1794
0;3;0;0;0;0;0;0;0;20
2;0;0;0;0;0;0;0;0;2465
3;0;0;0;0;0;0;0;2;3336
0;3;0;0;0;0;0;0;0;2292
3;0;0;0;0;0;0;0;0;1078
0;0;3;0;0;0;0;0;0;1223
0;3;0;0;0;0;0;0;0;5501
0;3;0;0;0;0;0;0;0;2617
2;0;0;0;0;0;0;0;3;3834
0;0;0;0;0;1;0;0;0;3140
0;0;3;0;0;0;0;0;0;2165
0;0;1;0;0;1;0;0;0;4904
0;0;0;0;0;0;0;0;0;1404
1;0;0;0;0;0;0;0;0;5348
0;2;3;0;0;0;0;0;0;43
0;0;0;0;0;0;1;0;0;3519
0;0;3;0;0;0;0;0;0;5700
1;0;0;0;0;0;0;0;3;5625
0;3;0;0;0;0;0;0;0;343
0;0;0;0;0;0;0;0;0;4571
3;3;0;0;0;0;0;1;0;1256
1;1;2;0;0;0;0;0;0;443
3;3;0;0;0;0;0;1;0;5777
0;0;3;0;0;0;0;0;0;2088
3;0;0;0;0;0;0;0;0;2921
3;0;0;0;0;0;0;0;0;2571
0;0;0;0;0;0;0;0;0;4525
3;0;0;0;0;0;0;0;2;4561
0;0;0;3;1;0;0;0;0;4280
2;0;2;0;0;0;0;0;2;1389
3;0;0;0;0;0;0;0;0;5427
0;3;0;0;0;0;0;1;0;3291
2;0;3;0;1;0;0;0;0;5466
0;0;0;0;0;0;0;0;2;3366
3;0;0;0;0;0;0;0;0;4622
0;1;0;0;0;0;0;0;0;4684
0;3;0;0;0;0;0;0;0;1025
1;0;0;0;0;0;0;0;2;1983
0;0;0;3;0;0;0;3;0;4650
0;3;0;0;0;0;0;0;0;4135
0;0;3;0;2;0;0;1;0;1253
0;0;1;0;1;0;0;0;0;1654
3;0;0;0;0;0;0;0;0;1502
0;3;0;0;0;0;0;0;0;3516
1;0;0;0;0;0;0;0;0;1447
0;3;0;0;0;0;0;0;0;516
1;0;0;0;0;0;0;0;2;1243
0;0;0;0;0;0;0;0;0;4758
0;3;0;0;0;0;0;0;0;954
0;0;0;0;3;0;0;0;0;3009
0;3;0;0;0;0;0;0;0;822
0;0;0;0;3;0;0;0;0;4257
0;3;0;0;0;0;0;0;0;474
0;0;0;0;0;0;0;0;2;4472
2;0;0;0;0;0;0;0;3;3260
3;0;0;0;0;0;0;0;0;5598
3;0;0;0;0;0;0;0;0;230
0;0;0;0;3;2;0;0;0;127
0;0;0;0;0;0;0;0;2;2341
0;0;0;0;0;0;0;0;0;1048
0;0;0;0;0;0;0;0;3;348
0;0;0;0;0;0;3;0;0;19
0;0;0;0;0;0;0;0;0;5668
3;0;0;0;0;0;0;3;0;4951
0;0;0;0;0;0;0;0;0;1795
1;0;0;0;0;0;0;0;2;4340
0;0;3;0;0;0;0;0;0;3942
0;0;0;3;1;0;0;0;0;69
0;3;0;0;0;0;0;1;0;3465
3;0;0;0;0;0;0;1;0;4936
0;3;0;0;0;0;0;0;0;5559
0;3;0;0;0;0;0;0;0;2554
0;0;0;0;1;0;0;1;0;1004
0;3;0;0;0;0;0;1;0;1512
0;0;0;0;0;0;0;0;0;2140
2;0;0;0;0;0;0;2;0;429
0;0;3;0;0;0;0;0;0;5801
0;0;1;2;0;2;0;0;0;2683
1;0;0;0;0;0;0;0;0;2329
0;1;0;0;1;0;0;0;0;4994
0;0;0;0;1;0;0;0;0;3820
0;3;0;0;0;0;0;0;0;2259
0;0;3;0;0;0;0;0;0;1109
3;0;0;0;0;0;0;0;0;3786
3;0;0;0;0;0;0;0;0;778
3;0;2;0;0;0;0;0;2;1991
1;0;2;0;2;0;0;0;0;5231
3;0;0;0;0;0;0;0;3;4277
3;0;0;0;1;0;0;1;0;2934
1;0;0;0;0;0;0;0;0;5422
0;0;0;0;0;0;0;0;0;2342
0;0;0;0;0;1;0;0;0;2890
0;0;0;0;0;0;0;0;0;3907
0;0;0;0;2;0;0;0;0;3190
0;0;0;0;0;0;0;0;0;4349
0;0;0;0;0;0;0;0;2;2296
0;3;0;0;0;0;0;1;0;1270
0;0;0;0;0;0;0;0;0;4491
0;0;3;0;0;0;0;0;0;1670
0;3;0;0;0;0;0;0;0;366
3;0;0;1;0;2;0;0;0;2682
0;0;0;0;0;0;0;0;0;4228
0;0;3;0;0;0;0;0;2;3740
0;0;0;0;1;0;0;0;0;4793
0;0;1;0;1;0;0;0;0;4817
0;0;0;0;0;0;0;0;0;2639
2;0;0;0;0;0;0;0;2;5157
0;0;3;0;0;0;0;0;0;4665
1;1;0;0;0;0;0;0;0;5211
1;0;0;0;0;0;0;0;2;4123
0;0;0;0;1;0;0;0;0;4306
2;0;0;0;0;0;0;0;2;4850
3;0;0;3;0;0;0;0;0;3812
0;0;0;0;0;0;0;0;0;5513
0;0;1;0;0;0;0;0;0;1691
3;0;0;0;0;0;0;1;0;5702
0;3;0;0;0;0;0;0;0;193
3;0;0;0;0;0;0;1;0;1516
0;3;0;0;0;0;0;0;0;1008
0;0;0;0;0;0;0;0;0;1919
0;0;3;0;0;0;0;0;0;3418
0;0;0;0;3;1;0;0;0;802
0;3;0;0;0;0;0;0;0;3717
0;3;0;0;0;0;0;0;0;4660
0;1;0;0;1;0;0;0;0;2371
0;0;0;0;0;0;0;0;2;2317
3;0;0;3;0;0;0;1;0;2159
0;2;0;0;0;0;0;0;0;2117
2;0;0;0;0;0;0;0;0;14
0;0;3;0;0;0;0;0;0;162
0;1;0;0;0;0;0;0;3;5583
2;0;0;0;0;0;0;0;3;4157
0;0;0;0;0;0;0;0;2;641
0;0;3;0;0;0;0;0;0;922
0;0;3;0;0;0;0;0;0;3822
3;0;0;0;0;0;0;0;0;5126
0;0;0;0;0;0;0;3;0;2694
0;0;0;0;0;0;0;0;2;4587
0;3;0;0;0;0;0;0;0;4535
0;0;0;0;0;0;0;0;0;4451
0;3;0;0;0;0;0;0;0;4683
2;0;0;0;1;0;0;0;0;2962
0;3;0;0;0;0;0;0;0;1911
0;0;0;0;0;0;0;0;0;3518
0;0;2;0;0;0;0;0;0;3440
0;3;0;0;0;0;0;0;0;3373
0;0;3;0;0;0;0;0;0;1240
2;0;0;0;0;0;0;0;2;3320
0;3;0;0;0;0;0;0;0;4858
0;0;0;0;0;0;0;0;0;835
0;0;0;0;0;0;0;0;3;4641
3;3;0;0;0;0;0;0;0;4969
3;0;0;0;0;0;0;1;0;3998
0;0;0;0;1;0;1;0;1;1134
0;0;3;0;0;0;0;0;0;1596
3;0;0;0;0;0;0;1;0;2820
0;1;1;0;1;0;0;0;0;4836
2;0;0;0;1;0;0;1;0;467
1;0;0;0;0;0;0;0;0;1925
0;0;0;0;0;0;0;0;2;1031
0;0;3;0;0;0;0;0;0;5114
2;0;0;0;0;0;0;0;0;965
3;3;0;0;1;0;0;0;0;1855
0;0;0;0;0;0;0;0;0;849
0;0;0;0;1;0;0;1;0;2816
0;0;0;0;0;0;0;0;0;5196
2;0;0;0;0;0;0;0;3;5098
3;0;0;0;0;0;0;0;0;1852
0;1;0;0;0;0;0;0;0;2381
0;0;0;0;0;0;0;0;2;2409
3;0;0;0;0;0;0;0;2;196
0;0;3;0;0;0;0;0;0;899
0;3;0;0;0;0;0;0;0;221
0;0;2;1;1;0;0;0;0;2191
1;0;0;0;0;0;0;0;0;501
0;3;0;0;2;0;0;0;0;1305
0;0;0;3;1;0;0;0;0;3
1;0;0;0;0;0;0;0;2;347
0;0;0;3;0;0;0;1;0;1776
0;0;3;0;0;0;0;0;0;3609
0;2;0;2;0;0;0;0;0;4627
0;0;3;0;0;0;0;1;0;3419
0;0;0;1;1;0;0;1;0;3839
0;0;0;0;0;0;0;0;0;3729
0;0;0;0;0;0;0;0;0;1456
3;0;0;0;0;0;0;0;0;205
0;3;0;0;0;0;0;1;0;3926
0;0;3;0;0;0;0;0;0;2978
0;3;0;0;0;0;0;0;0;4717
0;0;3;0;0;0;0;0;0;2395
1;1;2;0;0;0;0;0;0;4478
3;0;0;1;0;0;0;1;0;490
0;3;0;0;0;0;0;0;0;1740
0;2;0;0;0;0;0;0;0;505
0;0;3;0;0;0;0;0;0;225
3;0;0;0;0;0;0;0;0;973
3;0;0;0;0;0;0;0;2;5626
0;3;0;0;0;0;0;1;0;367
0;3;0;0;0;0;0;0;0;2256
0;0;0;0;0;0;0;2;0;1086
0;0;0;0;2;0;0;0;0;3476
1;0;0;0;0;0;0;0;2;2521
3;0;0;0;0;0;0;0;0;1297
0;0;0;0;0;0;0;0;2;4480
0;0;0;0;0;1;0;0;0;3472
0;0;0;0;0;0;0;0;2;1523
0;0;3;0;0;0;0;0;0;2257
0;3;0;0;1;0;0;1;0;988
0;0;0;0;1;0;0;0;2;5190
1;0;0;0;2;0;0;0;0;4047
0;0;0;0;0;0;0;0;2;4322
0;3;0;0;0;0;0;0;0;3346
0;3;0;0;0;0;0;1;0;3153
1;0;3;0;0;0;0;0;2;3363
0;0;3;0;0;0;0;0;0;493
0;3;0;0;0;0;0;0;0;2671
1;0;0;0;0;0;0;0;2;1748
0;0;0;0;3;0;0;0;0;4159
0;3;0;0;0;0;0;0;0;5127
0;0;0;0;0;0;0;0;0;3748
3;0;0;0;0;0;0;0;0;4945
3;0;0;0;0;0;0;1;0;5507
0;3;0;0;0;0;0;0;0;831
0;0;2;0;0;0;0;0;2;4184
2;0;0;0;0;0;0;0;2;3259
0;1;3;0;0;0;0;0;0;412
1;0;3;1;1;0;0;1;0;2566
3;0;0;0;1;0;0;0;0;1144
0;3;0;0;0;0;0;0;0;5544
0;0;0;0;0;0;0;0;2;5616
0;3;0;0;0;0;0;0;0;1234
1;1;2;0;0;0;0;0;0;2532
0;1;0;0;1;0;2;0;0;123
3;0;0;0;0;0;0;0;0;861
0;0;0;0;0;0;0;0;0;5670
0;0;0;3;0;0;0;1;0;5008
0;1;0;0;1;0;0;1;0;2600
0;0;3;0;0;0;0;0;0;3848
1;0;0;0;0;0;0;0;0;5134
0;0;3;0;0;0;0;0;0;277
3;0;0;0;0;0;0;1;0;527
0;0;3;0;0;0;0;0;0;3792
0;0;0;0;0;0;0;0;0;3775
3;0;0;0;0;0;0;2;0;3286
0;0;0;0;1;0;0;0;0;4140
3;0;1;0;2;0;0;0;0;2063
0;0;0;0;0;0;0;0;0;81
0;0;0;3;3;0;0;0;0;3078
2;0;0;0;0;0;0;0;0;1003
0;3;0;0;0;0;0;0;0;5736
3;0;3;0;0;0;0;0;0;1264
0;0;1;0;0;0;1;0;0;1118
0;0;0;0;0;0;0;0;2;5272
0;2;3;0;0;0;0;0;0;4334
1;0;3;0;0;0;0;0;0;2205
0;1;0;0;1;0;0;0;0;4509
0;0;0;0;0;0;0;0;0;2148
0;3;0;0;0;0;0;0;0;1064
0;3;0;0;0;0;0;0;0;3992
0;0;3;0;0;0;0;0;0;5674
2;0;0;0;0;0;0;0;0;5109
3;0;0;0;0;0;0;0;0;684
0;0;3;0;0;0;0;0;0;212
3;0;3;0;0;0;0;0;0;4386
3;0;0;0;0;0;0;0;0;4457
0;0;0;0;0;0;0;0;2;1885
3;0;3;0;0;0;0;0;0;4164
3;0;0;0;0;0;0;0;3;781
0;0;0;0;1;0;0;0;0;5569
3;0;3;0;0;0;0;0;0;3144
0;2;0;0;0;0;0;0;0;5528
1;3;0;0;1;0;0;0;0;183
0;0;0;0;0;0;0;0;0;1757
0;0;3;0;0;0;0;0;0;2798
0;0;0;0;0;0;0;0;0;5719
2;0;0;0;0;0;0;0;0;2768
3;0;0;0;0;0;0;1;0;783
3;0;0;0;0;0;0;0;2;1061
0;3;0;0;0;0;0;0;0;2607
3;0;3;0;0;0;0;0;0;5776
0;0;3;0;0;0;0;0;0;2991
0;3;0;0;0;0;0;0;0;734
0;0;3;0;0;0;0;0;0;5723
0;0;3;0;0;0;0;0;3;5784
0;0;2;0;2;0;0;0;0;4675
2;0;0;0;0;0;0;0;0;5228
0;0;2;0;2;0;0;0;0;3832
0;0;0;0;0;0;0;0;2;942
0;2;0;0;0;0;0;0;0;1147
1;0;0;0;0;0;0;0;0;202
1;1;0;0;0;0;0;0;0;4186
0;0;0;0;0;0;0;0;0;3838
0;0;0;0;0;0;0;0;0;4221
0;3;0;0;0;0;0;0;0;4718
0;0;0;3;0;0;0;0;0;1281
0;0;0;0;1;0;0;2;0;2396
1;0;0;0;0;0;0;0;0;4254
0;3;0;0;0;0;0;0;0;3934
0;0;2;0;0;0;0;0;0;5294
0;0;0;0;1;0;0;0;0;3189
0;3;0;0;0;0;0;0;0;4664
0;0;0;0;1;0;0;1;0;3761
0;0;2;0;0;0;0;0;0;5207
3;0;0;0;0;0;0;0;2;203
1;1;2;0;0;0;0;0;0;2458
1;0;0;0;0;0;0;0;0;78
0;0;0;0;0;0;0;0;2;2387
3;0;0;0;0;0;0;0;0;2912
0;3;0;0;0;0;0;0;0;2618
0;0;0;0;0;0;0;0;0;4065
3;0;0;0;0;0;0;0;0;1126
1;0;0;0;0;0;0;0;0;5693
0;0;0;0;0;0;0;0;2;3686
2;0;3;0;0;0;0;0;2;3396
0;0;3;0;0;0;0;0;0;5762
0;0;3;0;0;0;0;0;0;1699
0;0;0;0;0;0;0;0;3;5462
0;3;0;0;0;2;0;0;0;4956
0;0;0;0;0;0;0;0;0;5682
0;0;3;0;0;0;0;0;0;1599
0;3;0;0;0;0;0;0;0;515
0;0;0;0;0;0;0;0;2;3562
0;0;0;0;0;0;0;0;0;2462
0;2;0;0;0;0;0;0;0;90
0;0;3;0;0;0;0;0;0;3645
0;0;0;0;3;0;0;3;0;5252
0;0;3;0;0;0;0;0;0;4727
0;0;0;0;0;0;0;0;2;4156
0;3;0;0;0;0;0;0;0;3244
1;1;2;0;0;0;0;0;0;767
0;3;0;0;0;0;0;0;0;3762
0;0;0;0;0;0;0;0;3;2512
0;3;0;0;0;0;0;0;0;532
0;0;3;0;2;0;0;0;0;3020
0;0;0;0;0;0;0;0;0;3906
3;0;0;0;0;0;0;1;3;4787
0;3;0;0;0;0;0;0;0;5260
0;2;0;0;0;0;0;0;0;2777
0;0;3;0;0;0;0;0;0;5675
3;0;0;0;0;0;0;0;0;404
3;0;0;0;0;0;0;0;0;1143
0;0;2;3;0;0;0;0;0;1867
0;2;0;0;0;0;0;0;0;4894
0;3;0;0;0;0;0;0;0;1183
3;0;3;3;0;0;0;0;0;2068
3;0;0;0;0;0;0;1;0;4434
0;0;0;0;0;0;0;0;2;1418
3;0;3;0;0;0;0;0;0;1515
0;0;0;0;0;0;0;0;3;282
0;0;0;0;0;0;0;0;2;1363
0;0;0;0;0;0;0;0;0;5065
0;0;0;0;0;0;0;0;2;4222
3;0;0;0;0;0;0;0;0;4243
1;0;0;0;0;0;1;0;0;2846
0;0;2;0;0;0;0;0;2;4633
0;0;3;0;0;0;0;3;0;3538
0;3;0;0;0;0;0;0;0;3630
0;2;0;0;0;0;0;0;0;2453
3;0;0;0;0;0;0;0;0;389
3;0;0;0;0;0;0;1;0;4767
0;0;0;0;0;0;0;0;2;5158
0;3;0;0;0;0;0;1;0;1905
2;0;0;0;0;0;0;0;2;497
0;0;1;0;0;0;1;0;0;2847
0;0;0;0;3;0;0;0;0;5641
0;3;0;0;0;0;0;0;0;3118
0;3;0;0;0;0;0;0;0;2009
2;0;3;0;0;0;0;0;2;1703
0;0;0;0;0;0;0;0;0;4541
3;0;0;0;0;0;0;2;0;4435
1;0;0;0;0;0;0;0;0;964
0;0;0;0;0;0;0;0;2;1935
0;0;0;0;3;0;0;0;0;859
0;0;0;0;0;0;3;0;3;5170
0;0;3;0;0;0;0;1;0;3527
0;0;0;0;0;0;0;0;2;1071
0;3;0;0;0;0;0;0;0;3011
0;0;0;0;0;0;0;0;0;1465
0;0;0;3;0;0;0;1;0;1278
0;0;0;0;3;0;0;0;2;4772
0;2;3;0;0;0;0;0;0;3514
0;0;0;0;0;0;0;0;0;3837
0;0;1;0;3;0;0;0;0;1715
0;0;3;0;0;0;0;0;0;339
0;0;2;0;2;0;0;0;0;1194
0;0;2;0;2;0;0;0;0;3619
3;0;0;0;0;0;0;0;0;1498
0;0;3;0;0;0;0;0;0;4906
3;0;0;0;0;0;0;0;0;4459
0;0;0;0;0;0;0;0;0;3093
0;0;2;0;2;0;0;0;2;3620
3;0;0;0;0;0;0;0;3;4155
0;0;0;0;2;0;0;0;0;2657
0;3;2;0;0;0;0;0;0;398
0;0;0;0;0;0;0;0;0;1457
0;0;1;0;1;0;0;0;0;4824
0;0;2;0;0;0;0;0;0;4190
0;0;0;0;0;0;0;0;2;1803
0;0;0;3;0;0;0;1;0;5221
0;0;0;0;0;0;0;0;0;5243
2;0;0;0;0;0;0;0;2;2522
0;0;1;0;0;0;0;0;0;5328
0;0;0;0;0;0;0;0;2;66
0;0;1;0;0;0;0;0;2;5264
0;0;0;0;0;0;0;0;0;1413
3;0;0;0;0;0;0;2;0;2725
0;1;3;0;0;0;0;0;0;1676
0;0;0;3;1;0;0;1;0;4281
0;0;3;0;0;0;0;0;0;5720
0;0;0;0;0;0;0;1;0;2601
1;0;0;0;0;0;0;0;2;2339
0;3;0;0;0;0;0;0;0;4139
0;0;0;0;0;0;0;0;2;3981
3;0;3;0;0;0;0;0;0;1501
0;3;0;0;0;0;0;0;0;4697
0;2;0;0;1;0;0;1;0;1316
0;0;0;3;1;0;0;0;0;2585
0;3;0;0;0;0;0;0;0;1567
0;0;3;0;0;0;0;0;0;1193
3;0;0;0;0;0;0;0;2;4828
0;3;0;0;0;0;0;0;0;1939
2;0;0;0;0;0;1;0;0;4244
0;0;0;0;0;0;0;0;1;5662
0;0;0;0;0;0;0;0;0;1068
0;2;0;0;2;0;0;0;0;5074
0;3;0;0;0;0;0;0;0;1536
0;3;0;0;0;0;0;0;0;4070
1;1;2;0;0;0;0;0;0;5299
0;3;1;0;0;0;0;0;0;42
3;0;0;0;0;0;0;0;0;2476
0;0;0;0;0;0;2;0;0;1105
0;3;0;0;0;0;0;0;0;1231
0;3;0;0;1;0;0;0;0;2801
3;0;0;0;0;0;0;0;0;272
0;0;0;0;0;0;0;0;0;2027
0;3;1;0;0;0;0;0;0;4404
3;0;3;0;0;0;0;0;0;690
0;0;3;0;0;0;0;0;0;2090
0;0;0;0;0;0;0;0;1;1539
2;3;0;0;3;0;0;0;0;1192
0;3;0;0;0;0;0;0;0;3179
3;0;0;0;0;0;0;1;0;4376
0;3;3;0;0;0;0;0;2;5453
0;3;0;0;0;0;0;0;0;2239
0;0;3;0;0;0;0;0;0;4871
0;3;0;0;0;0;0;1;0;5796
0;0;0;0;1;0;0;0;0;4412
0;1;1;0;1;0;0;0;0;4591
0;3;1;0;2;0;0;0;0;2045
0;0;0;0;0;0;0;0;2;1381
0;0;0;0;0;0;0;0;0;2139
0;3;0;0;0;0;0;2;0;2075
0;3;0;0;0;0;0;0;2;4479
0;3;0;0;0;0;0;1;0;4444
3;0;0;0;0;0;0;0;0;5022
1;3;0;0;1;0;0;0;0;5555
3;0;0;0;0;0;0;0;2;4445
2;0;0;0;0;0;1;0;3;268
0;0;0;3;0;0;0;0;0;3512
0;3;0;0;0;0;0;1;0;1309
0;0;0;0;2;0;0;0;0;12
0;0;0;0;0;0;0;0;3;284
0;0;2;0;0;0;0;0;0;2783
0;0;0;0;0;0;0;0;0;2492
0;0;2;0;0;0;0;0;1;4991
0;3;0;0;0;0;0;1;0;304
2;0;0;0;0;0;0;0;0;59
0;0;0;0;0;0;0;0;0;854
0;2;3;0;0;0;0;0;0;2201
0;3;0;0;0;0;0;0;0;3480
0;3;0;0;0;0;0;0;0;3399
0;3;0;0;0;0;0;1;0;1679
0;0;3;0;0;0;0;0;0;2507
3;0;0;1;0;0;0;0;0;4599
0;1;3;0;0;0;0;0;0;5721
0;0;3;0;0;0;0;1;0;5487
0;3;0;0;0;0;0;0;0;3074
0;0;0;0;0;0;0;0;0;4301
3;0;0;0;0;0;0;1;0;977
0;0;1;0;0;0;0;0;0;4899
2;0;0;0;0;0;0;0;2;3031
0;0;3;0;0;0;0;0;0;692
0;0;0;0;3;0;0;0;0;3944
0;3;0;0;0;0;0;0;0;3709
3;0;0;0;0;0;0;0;0;445
0;3;0;0;1;0;0;0;0;1739
3;0;0;0;0;0;0;1;0;4861
2;0;1;0;0;0;0;0;0;133
0;0;3;0;0;0;0;0;0;330
2;0;1;0;2;0;0;0;0;5536
0;0;0;3;1;0;0;1;0;1630
0;0;0;0;0;0;0;0;0;1408
0;3;0;0;0;0;0;0;0;1284
0;3;0;0;0;1;0;0;0;4678
0;3;0;0;0;0;0;1;0;3517
2;0;0;0;0;0;0;0;3;4695
0;0;0;3;0;0;0;1;0;5523
0;3;0;0;0;0;0;0;0;175
0;0;3;0;0;0;0;1;0;2767
0;0;0;3;1;0;0;1;0;3458
0;0;0;0;0;0;0;0;2;1415
0;0;0;0;0;0;0;0;0;5361
0;3;0;0;0;0;0;1;0;3492
0;0;0;0;0;0;0;0;0;1332
0;0;0;0;0;0;0;0;2;4798
1;0;0;0;3;0;0;0;1;4777
3;0;0;0;0;0;0;0;0;3049
0;3;2;0;0;0;0;0;0;2825
0;0;0;0;0;0;0;0;0;92
0;0;3;0;0;1;0;0;0;3831
0;0;0;0;0;0;0;1;0;4302
0;3;0;0;0;0;0;0;0;1330
0;0;0;0;0;0;0;0;0;241
0;0;0;0;0;0;3;0;0;2080
1;0;0;0;0;0;0;0;0;3164
0;0;0;0;1;0;0;0;3;4889
3;0;0;0;0;0;0;0;3;1319
0;0;2;0;1;0;0;0;0;1506
0;0;3;0;0;0;0;0;0;2301
0;0;0;0;0;0;0;0;2;4748
0;0;0;0;0;0;0;0;0;5393
0;0;0;0;0;0;0;0;0;2131
0;0;0;0;0;0;0;0;2;2404
0;1;1;0;2;0;0;0;0;2382
3;0;0;0;0;0;0;2;0;3747
1;0;0;0;0;0;0;0;0;2818
0;0;0;0;0;0;0;0;0;1851
0;0;1;0;0;0;0;0;2;310
0;0;0;0;0;0;0;0;0;3102
0;0;0;0;0;0;0;3;0;3672
0;3;0;0;0;0;0;0;0;3121
3;0;0;0;0;0;0;2;0;1244
0;0;3;0;0;0;0;0;0;3592
3;0;0;0;0;0;0;1;3;4278
0;3;0;0;0;0;0;0;0;4396
0;3;0;0;0;0;0;1;0;2869
0;1;3;0;0;0;0;0;0;4837
0;0;0;0;0;0;0;0;0;1087
0;1;0;0;0;0;0;0;0;258
0;0;2;0;1;0;0;0;0;468
0;0;0;0;0;0;0;0;0;2630
0;0;3;3;0;0;0;0;0;3173
2;0;0;0;0;0;0;0;2;4810
3;0;0;0;0;0;0;2;0;5218
0;0;3;0;0;0;0;0;0;4759
1;0;0;0;0;0;0;0;0;4533
3;0;0;0;0;0;0;0;0;172
0;0;0;0;3;0;0;1;0;1217
0;0;3;0;0;0;0;0;0;2204
0;0;0;0;1;0;0;0;2;407
0;3;0;0;0;0;0;0;0;1782
2;0;0;0;0;0;0;0;2;5319
0;3;0;0;0;0;0;0;0;3913
3;0;0;0;0;0;0;0;0;5046
0;0;0;1;1;0;0;0;0;150
0;3;0;0;0;0;0;0;0;3631
0;3;0;0;0;0;0;1;0;5052
0;3;0;0;1;0;0;0;0;4659
0;3;0;0;0;0;0;0;0;456
0;0;0;0;2;0;0;0;2;4744
0;3;0;0;0;0;0;0;0;1410
2;0;0;0;0;0;0;0;2;5108
3;0;0;0;0;0;0;0;0;5013
0;0;0;0;2;0;0;0;0;47
1;0;0;0;0;0;0;0;2;894
0;0;3;0;0;0;0;0;0;4913
2;0;0;0;0;0;0;0;0;1926
3;0;0;0;0;0;0;0;0;1517
2;0;0;0;0;0;0;0;2;2322
0;0;3;0;0;0;0;0;0;4804
0;0;3;0;0;0;0;0;0;727
0;0;0;0;0;0;0;0;0;5602
3;0;0;0;1;0;2;1;0;1132
3;0;0;0;0;0;0;0;2;4271
3;0;0;0;0;0;0;2;0;1287
0;0;0;0;0;0;0;0;2;2264
0;0;0;0;0;0;0;2;0;5778
1;0;0;0;0;1;0;0;3;753
0;0;0;0;0;0;0;0;3;3365
0;3;0;0;0;0;0;0;0;1044
0;0;0;0;0;0;0;0;2;1214
0;0;2;0;1;0;0;0;0;4193
3;0;0;1;0;0;0;1;0;2573
0;1;0;0;0;0;0;0;3;850
0;3;0;0;0;0;0;0;0;352
0;3;0;0;0;0;0;0;0;4794
3;0;0;0;0;0;0;0;0;1015
0;0;0;0;0;0;0;0;0;1746
0;0;3;0;0;0;0;0;0;5420
1;1;2;0;0;0;0;0;0;4578
3;0;0;0;0;0;0;0;0;5686
3;0;0;0;0;0;0;0;3;1822
0;3;0;0;0;0;0;0;0;4701
0;0;0;0;1;0;0;0;0;5054
0;0;1;0;1;0;0;0;0;2972
1;0;3;0;0;0;0;0;0;2750
0;0;3;0;0;0;0;0;2;5771
0;0;2;1;2;0;0;0;0;3378
0;0;0;3;1;0;0;0;0;1149
0;0;3;0;0;0;0;0;0;3790
0;0;1;0;0;0;0;0;0;5688
3;0;0;0;1;0;0;0;1;4742
0;0;0;0;0;0;0;0;2;5550
3;0;0;0;1;0;0;0;0;5080
0;0;0;0;0;0;0;0;0;3122
0;3;0;0;0;0;0;1;0;5543
0;0;1;0;0;0;0;0;0;4040
0;0;0;3;1;0;0;1;0;5621
0;0;3;1;0;0;0;0;0;1520
0;0;0;0;0;0;0;0;0;5509
2;0;0;0;0;0;0;0;0;4820
1;0;3;0;0;0;0;0;2;886
1;0;0;0;0;0;0;0;0;2955
1;0;0;0;0;0;1;0;0;884
0;3;0;0;0;0;0;0;0;1661
0;0;3;0;0;0;0;2;0;5298
3;0;0;0;0;0;0;0;0;5216
0;0;0;0;0;0;0;0;2;1747
3;0;0;0;0;0;0;0;0;5310
0;0;0;3;0;0;0;0;0;2526
2;0;0;0;0;0;2;0;3;2177
0;0;0;0;0;0;0;0;2;2861
0;0;1;0;0;0;0;0;0;177
0;0;0;0;0;0;0;0;3;4938
0;3;0;0;0;0;0;0;0;1268
2;0;0;0;0;0;0;0;3;5042
0;0;3;3;2;0;0;0;0;4379
0;0;0;0;0;0;0;0;0;5365
0;0;0;0;0;0;0;0;0;3141
0;3;0;0;0;0;0;3;0;4618
0;0;3;0;0;0;0;0;0;528
2;0;3;0;0;0;0;0;2;1921
0;0;0;0;1;0;0;0;1;4030
0;0;3;0;0;0;0;0;0;940
0;3;0;0;0;0;0;0;0;5537
0;0;0;0;1;0;0;3;0;25
3;0;0;0;0;0;0;1;0;4146
0;0;0;0;0;0;0;0;0;1686
0;3;3;0;0;0;0;1;0;2472
3;0;0;0;0;0;1;0;3;889
0;0;0;0;0;0;0;0;0;4489
0;0;2;0;0;0;0;0;0;5764
0;0;3;0;0;0;0;0;0;1616
0;0;0;0;0;0;0;0;0;1052
0;3;0;0;0;0;0;1;0;32
0;3;0;0;0;0;0;0;0;5285
2;0;0;0;0;0;0;0;3;3414
0;0;0;0;0;0;0;0;3;1376
0;1;0;0;0;0;0;0;2;3552
0;3;0;0;1;0;0;0;0;633
3;0;0;0;0;0;0;2;0;2364
0;0;3;0;0;0;0;0;0;749
3;0;0;0;0;0;0;0;0;4864
0;0;0;0;2;1;0;0;0;3322
0;0;3;0;0;0;0;0;0;5608
0;0;0;0;3;0;0;0;0;1790
0;3;0;0;0;0;0;0;0;4074
0;3;0;0;0;0;0;0;0;3343
3;0;0;0;0;0;0;0;0;909
3;0;0;0;0;0;0;1;0;1174
3;0;0;0;0;0;0;0;0;2135
3;0;0;0;0;0;0;0;0;1788
0;3;0;0;0;0;0;0;0;2501
0;0;0;0;0;0;0;0;0;2640
3;0;0;3;2;0;0;1;0;3174
0;3;1;0;0;0;0;0;0;2667
0;0;0;3;0;0;0;1;0;3882
0;0;0;3;0;0;0;0;0;3375
0;3;0;0;0;0;0;0;0;5437
0;0;0;3;0;0;0;0;0;4971
2;0;0;0;0;0;0;0;0;707
3;0;0;0;0;0;0;1;0;3062
3;1;0;0;0;0;0;0;0;1161
2;0;0;0;0;0;0;0;0;4364
0;0;3;0;0;0;0;0;0;2680
0;0;0;0;0;0;0;0;2;410
0;0;0;0;0;0;0;0;0;1407
0;0;3;0;1;0;0;0;0;495
0;1;3;0;0;0;0;0;0;3306
0;0;2;0;0;0;0;0;0;1033
0;3;0;0;0;0;0;0;0;4999
0;0;0;3;0;0;0;3;0;4399
0;0;0;0;0;3;0;0;0;4807
0;0;0;0;0;0;0;0;1;5645
0;0;0;0;0;0;0;0;0;1913
2;0;0;0;0;0;0;0;2;2434
0;0;0;0;0;0;0;0;0;1190
0;0;3;0;0;0;0;0;0;1678
0;0;1;0;0;0;0;0;0;3390
0;0;3;0;0;0;0;0;0;3436
3;0;0;0;0;0;0;0;0;3198
3;0;0;0;0;0;0;1;0;449
3;0;0;0;0;0;0;0;0;3723
0;0;3;0;0;0;0;0;0;4907
0;0;0;0;3;0;0;0;0;1069
0;3;0;0;0;0;0;0;0;3901
3;0;0;0;0;0;0;0;0;1392
0;0;0;0;0;1;0;0;0;5728
0;0;0;0;0;0;0;0;0;329
1;1;0;0;1;0;0;0;0;3912
2;0;0;0;0;0;0;0;0;3785
3;0;0;0;0;2;0;1;0;592
0;0;1;0;0;0;0;0;2;3744
0;0;0;0;0;0;0;0;0;2647
0;3;0;0;0;0;0;1;0;2863
2;0;0;0;0;0;0;0;2;1984
3;0;0;0;2;0;0;0;0;3116
3;0;0;0;0;0;0;0;3;1016
0;0;0;0;0;0;0;0;0;989
0;0;0;3;0;0;0;0;0;4381
0;0;3;0;2;0;0;0;0;2668
0;0;0;0;0;0;0;0;2;4831
1;0;0;0;0;2;0;0;0;3059
0;0;3;0;0;0;0;0;0;3273
2;0;3;0;0;0;0;0;2;1397
0;0;0;0;0;0;0;0;0;3904
0;0;0;0;0;0;0;0;0;2537
3;0;0;0;0;0;0;1;0;2658
3;0;0;0;0;0;0;1;0;118
0;0;3;0;0;0;0;0;0;3660
3;0;0;0;0;0;0;0;2;3724
0;0;0;0;0;0;0;0;0;3923
0;3;0;0;0;0;0;0;0;3720
3;0;2;0;0;0;0;0;0;2829
0;0;0;0;0;0;0;0;0;4958
0;3;0;0;0;0;0;0;0;4199
0;0;1;0;0;0;0;0;0;5590
0;0;3;0;0;0;0;0;0;4581
0;0;0;0;3;0;0;0;0;5118
0;0;0;0;0;0;0;0;0;3192
0;0;0;0;3;0;0;0;0;595
0;0;0;0;3;0;0;0;0;5403
3;0;0;0;0;0;0;0;1;3772
3;0;0;0;0;0;0;0;0;4053
3;0;0;0;0;0;0;0;0;2268
0;3;0;0;0;0;0;0;0;2448
0;3;0;0;0;0;0;1;0;2898
1;0;0;0;0;0;0;0;2;4694
0;3;0;0;0;0;0;0;0;2199
0;3;0;0;0;0;0;1;0;2592
0;3;0;0;0;0;0;0;0;2603
0;0;0;0;3;0;0;0;0;3618
0;2;0;0;0;0;0;0;2;2374
3;3;0;0;0;0;0;1;0;1493
1;0;0;0;0;0;0;0;2;3432
0;2;2;0;0;0;0;0;0;903
0;3;0;0;0;0;0;0;0;1604
0;3;0;0;0;0;0;1;0;3106
3;0;0;0;0;0;0;0;0;1564
0;3;0;0;0;0;0;0;0;5280
0;0;0;0;0;0;0;0;0;4454
2;0;0;0;0;0;0;0;1;3335
0;0;3;0;0;0;0;0;0;3791
0;3;0;0;0;0;0;0;0;4505
1;0;0;0;0;0;0;0;2;289
2;0;0;0;0;0;0;0;2;1818
0;0;0;0;0;0;1;0;0;261
2;0;0;0;0;0;0;0;2;1917
0;0;0;0;0;0;0;3;0;97
0;3;0;0;0;0;0;0;0;4100
0;0;0;3;1;0;0;1;0;5620
0;0;3;0;0;0;0;0;0;648
0;0;0;0;3;0;0;0;0;1485